mtllib stage2_1.mtl
o Default
v 0 0 -16
v 0 -0.5 -17
v 1 -0.5 -17
v 1 0 -16
v 0 0 12
v 1 0 11
v 0 0 11
v 1 0 12
v 0 0 11
v 1 0 10
v 0 0 10
v 1 0 11
v 0 0 10
v 1 0 9
v 0 0 9
v 1 0 10
v 0 0 9
v 1 0 8
v 0 0 8
v 1 0 9
v 0 0 8
v 1 0 7
v 0 0 7
v 1 0 8
v 0 0 7
v 1 0 6
v 0 0 6
v 1 0 7
v 0 0 6
v 1 0 5
v 0 0 5
v 1 0 6
v 0 0 1
v 1 0 0
v 0 0 0
v 1 0 1
v 0 0 0
v 1 0 -1
v 0 0 -1
v 1 0 0
v 0 0 -4
v 1 0 -5
v 0 0 -5
v 1 0 -4
v 0 0 -5
v 1 0 -6
v 0 0 -6
v 1 0 -5
v 0 0 -6
v 1 0 -7
v 0 0 -7
v 1 0 -6
v 0 0 -7
v 1 0 -8
v 0 0 -8
v 1 0 -7
v 0 0 -8
v 1 0 -9
v 0 0 -9
v 1 0 -8
v 0 0 -9
v 1 0 -10
v 0 0 -10
v 1 0 -9
v 0 0 -10
v 1 0 -11
v 0 0 -11
v 1 0 -10
v 0 0 -11
v 1 0 -12
v 0 0 -12
v 1 0 -11
v 4 0 0
v 5 0 -1
v 4 0 -1
v 5 0 0
v 3 0 1
v 4 0 0
v 3 0 0
v 4 0 1
v 6 0 0
v 7 0 -1
v 6 0 -1
v 7 0 0
v 7 0 -3
v 8 0 -4
v 7 0 -4
v 8 0 -3
v 9 0 -10
v 10 0 -11
v 9 0 -11
v 10 0 -10
v -4 0 1
v -3 0 0
v -4 0 0
v -3 0 1
v -11 0 1
v -10 0 0
v -11 0 0
v -10 0 1
v -11 0 0
v -10 0 -1
v -11 0 -1
v -10 0 0
v -4 0 0
v -3 0 -1
v -4 0 -1
v -3 0 0
v -4 0 12
v -3 0 11
v -4 0 11
v -3 0 12
v -5 0 12
v -4 0 11
v -5 0 11
v -4 0 12
v -6 0 12
v -5 0 11
v -6 0 11
v -5 0 12
v -7 0 12
v -6 0 11
v -7 0 11
v -6 0 12
v -8 0 12
v -7 0 11
v -8 0 11
v -7 0 12
v -9 0 12
v -8 0 11
v -9 0 11
v -8 0 12
v -10 0 12
v -9 0 11
v -10 0 11
v -9 0 12
v -11 0 12
v -10 0 11
v -11 0 11
v -10 0 12
v -11 0 11
v -10 0 10
v -11 0 10
v -10 0 11
v -11 0 10
v -10 0 9
v -11 0 9
v -10 0 10
v -11 0 5
v -10 0 4
v -11 0 4
v -10 0 5
v -11 0 4
v -10 0 3
v -11 0 3
v -10 0 4
v -11 0 3
v -10 0 2
v -11 0 2
v -10 0 3
v -11 0 2
v -10 0 1
v -11 0 1
v -10 0 2
v -11 0 -1
v -10 0 -2
v -11 0 -2
v -10 0 -1
v -11 0 -2
v -10 0 -3
v -11 0 -3
v -10 0 -2
v -11 0 -3
v -10 0 -4
v -11 0 -4
v -10 0 -3
v -11 0 -4
v -10 0 -5
v -11 0 -5
v -10 0 -4
v -11 0 -11
v -10 0 -12
v -11 0 -12
v -10 0 -11
v -10 0 -11
v -9 0 -12
v -10 0 -12
v -9 0 -11
v -9 0 -11
v -8 0 -12
v -9 0 -12
v -8 0 -11
v -8 0 -11
v -7 0 -12
v -8 0 -12
v -7 0 -11
v -7 0 -11
v -6 0 -12
v -7 0 -12
v -6 0 -11
v -6 0 -11
v -5 0 -12
v -6 0 -12
v -5 0 -11
v -5 0 -11
v -4 0 -12
v -5 0 -12
v -4 0 -11
v -4 0 -11
v -3 0 -12
v -4 0 -12
v -3 0 -11
v 1 0 -11
v 2 0 -12
v 1 0 -12
v 2 0 -11
v 5 0 -11
v 6 0 -12
v 5 0 -12
v 6 0 -11
v 6 0 -11
v 7 0 -12
v 6 0 -12
v 7 0 -11
v 13 0 -16
v 14 -0.5 -17
v 13 -0.5 -17
v 14 0 -16
v 7 0 -11
v 8 0 -12
v 7 0 -12
v 8 0 -11
v 14 0 -16
v 15 -0.5 -17
v 14 -0.5 -17
v 15 0 -16
v 15 0 -16
v 15 0 -16
v 16 -0.5 -17
v 16 -0.5 -16
v 10 0 -10
v 11 0 -11
v 10 0 -11
v 11 0 -10
v 10 0 -9
v 11 0 -10
v 10 0 -10
v 11 0 -9
v 10 0 -8
v 11 0 -9
v 10 0 -9
v 11 0 -8
v 10 0 -7
v 11 0 -8
v 10 0 -8
v 11 0 -7
v 10 0 -6
v 11 0 -7
v 10 0 -7
v 11 0 -6
v 10 0 -5
v 11 0 -6
v 10 0 -6
v 11 0 -5
v 10 0 6
v 11 0 5
v 10 0 5
v 11 0 6
v 10 0 7
v 11 0 6
v 10 0 6
v 11 0 7
v 10 0 8
v 11 0 7
v 10 0 7
v 11 0 8
v 10 0 9
v 11 0 8
v 10 0 8
v 11 0 9
v 10 0 12
v 11 0 11
v 10 0 11
v 11 0 12
v 1 0 12
v 2 0 11
v 1 0 11
v 2 0 12
v 2 0 12
v 3 0 11
v 2 0 11
v 3 0 12
v 9 0 12
v 10 0 11
v 9 0 11
v 10 0 12
v 1 0 11
v 2 0 10
v 1 0 10
v 2 0 11
v 2 0 11
v 3 0 10
v 2 0 10
v 3 0 11
v 3 0 8
v 4 0 7
v 3 0 7
v 4 0 8
v 1 0 7
v 2 0 6
v 1 0 6
v 2 0 7
v 2 0 8
v 3 0 7
v 2 0 7
v 3 0 8
v 3 0 9
v 4 0 8
v 3 0 8
v 4 0 9
v 2 0 9
v 3 0 8
v 2 0 8
v 3 0 9
v 2 0 10
v 3 0 9
v 2 0 9
v 3 0 10
v 1 0 10
v 2 0 9
v 1 0 9
v 2 0 10
v 9 0 11
v 10 0 10
v 9 0 10
v 10 0 11
v 9 0 10
v 10 0 9
v 9 0 9
v 10 0 10
v 9 0 9
v 10 0 8
v 9 0 8
v 10 0 9
v 9 0 8
v 10 0 7
v 9 0 7
v 10 0 8
v 9 0 7
v 10 0 6
v 9 0 6
v 10 0 7
v 9 0 6
v 10 0 5
v 9 0 5
v 10 0 6
v 8 0 2
v 9.5 0 -3
v 8.5 0 1
v 9 0 -2
v 8 0 6
v 9 0 5
v 8 0 5
v 9 0 6
v 8 0 7
v 9 0 6
v 8 0 6
v 9 0 7
v 8 0 8
v 9 0 7
v 8 0 7
v 9 0 8
v 8 0 9
v 9 0 8
v 8 0 8
v 9 0 9
v 7 0 1
v 8 0 0
v 7 0 0
v 8 0 1
v 6 0 1
v 7 0 0
v 6 0 0
v 7 0 1
v 3 0 6
v 4 0 5
v 3 0 5
v 4 0 6
v 3 0 7
v 4 0 6
v 3 0 6
v 4 0 7
v 2 0 7
v 3 0 6
v 2 0 6
v 3 0 7
v 1 0 8
v 2 0 7
v 1 0 7
v 2 0 8
v 1 0 9
v 2 0 8
v 1 0 8
v 2 0 9
v 1 0 6
v 2 0 5
v 1 0 5
v 2 0 6
v 3 0 2
v 4 0 1
v 3 0 1
v 4 0 2
v 0 0 -1
v 1 0 -2
v 0 0 -2
v 1 0 -1
v 2 0 6
v 3 0 5
v 2 0 5
v 3 0 6
v 1 0 -4
v 2 0 -5
v 1 0 -5
v 2 0 -4
v 1 0 -8
v 2 0 -9
v 1 0 -9
v 2 0 -8
v 1 0 -9
v 2 0 -10
v 1 0 -10
v 2 0 -9
v 1 0 -10
v 2 0 -11
v 1 0 -11
v 2 0 -10
v 2 0 -10
v 3 0 -11
v 2 0 -11
v 3 0 -10
v 3 0 -10
v 4 0 -11
v 3 0 -11
v 4 0 -10
v 4 0 -10
v 5 0 -11
v 4 0 -11
v 5 0 -10
v 5 0 -10
v 6 0 -11
v 5 0 -11
v 6 0 -10
v 6 0 -10
v 7 0 -11
v 6 0 -11
v 7 0 -10
v 7 0 -10
v 8 0 -11
v 7 0 -11
v 8 0 -10
v 9 0 -8
v 10 0 -9
v 9 0 -9
v 10 0 -8
v 9 0 -7
v 10 0 -8
v 9 0 -8
v 10 0 -7
v 9 0 -5
v 10 0 -6
v 9 0 -6
v 10 0 -5
v 7 0 -1
v 8 0 -2
v 7 0 -2
v 8 0 -1
v -12 1 8
v -11 1 7
v -12 1 7
v -11 1 8
v 5 0 -1
v 6 0 -2
v 5 0 -2
v 6 0 -1
v 4 0 -1
v 5 0 -2
v 4 0 -2
v 5 0 -1
v 2 0 -4
v 3 0 -5
v 2 0 -5
v 3 0 -4
v 2 0 -8
v 3 0 -9
v 2 0 -9
v 3 0 -8
v 2 0 -9
v 3 0 -10
v 2 0 -10
v 3 0 -9
v 3 0 -9
v 4 0 -10
v 3 0 -10
v 4 0 -9
v 5 0 -9
v 6 0 -10
v 5 0 -10
v 6 0 -9
v 6 0 -9
v 7 0 -10
v 6 0 -10
v 7 0 -9
v 7 0 -9
v 8 0 -10
v 7 0 -10
v 8 0 -9
v 8 0 -8
v 9 0 -9
v 8 0 -9
v 9 0 -8
v 8 0 -7
v 9 0 -8
v 8 0 -8
v 9 0 -7
v 8 0 -6
v 9 0 -7
v 8 0 -7
v 9 0 -6
v 8 0 -5
v 9 0 -6
v 8 0 -6
v 9 0 -5
v 7 0 -2
v 8 0 -3
v 7 0 -3
v 8 0 -2
v 3 0 0
v 4 0 -1
v 3 0 -1
v 4 0 0
v 5 0 -2
v 6 0 -3
v 5 0 -3
v 6 0 -2
v 4 0 -2
v 5 0 -3
v 4 0 -3
v 5 0 -2
v 4 0 -3
v 5 0 -4
v 4 0 -4
v 5 0 -3
v 5 0 -3
v 6 0 -4
v 5 0 -4
v 6 0 -3
v 6 0 -3
v 7 0 -4
v 6 0 -4
v 7 0 -3
v -14 0 6
v -13 0 6
v -14 0 5
v -13 0 6
v 7 0 -4
v 8 0 -5
v 7 0 -5
v 8 0 -4
v 7 0 -5
v 8 0 -6
v 7 0 -6
v 8 0 -5
v 7 0 -6
v 8 0 -7
v 7 0 -7
v 8 0 -6
v 7 0 -7
v 8 0 -8
v 7 0 -8
v 8 0 -7
v 7 0 -8
v 8 0 -9
v 7 0 -9
v 8 0 -8
v 6 0 -8
v 7 0 -9
v 6 0 -9
v 7 0 -8
v 5 0 -8
v 6 0 -9
v 5 0 -9
v 6 0 -8
v 4 0 -8
v 5 0 -9
v 4 0 -9
v 5 0 -8
v 3 0 -8
v 4 0 -9
v 3 0 -9
v 4 0 -8
v 0 0 -3
v 1 0 -4
v 0 0 -4
v 1 0 -3
v 6 0 -4
v 7 0 -5
v 6 0 -5
v 7 0 -4
v -4 0 -1
v -3 0 -2
v -4 0 -2
v -3 0 -1
v -4 0 -10
v -3 0 -11
v -4 0 -11
v -3 0 -10
v -10 0 -4
v -9 0 -5
v -10 0 -5
v -9 0 -4
v -10 0 -3
v -9 0 -4
v -10 0 -4
v -9 0 -3
v -4 0 -2
v -3 0 -3
v -4 0 -3
v -3 0 -2
v -4 0 -3
v -3 0 -4
v -4 0 -4
v -3 0 -3
v -4 0 -4
v -3 0 -5
v -4 0 -5
v -3 0 -4
v -4 0 -5
v -3 0 -6
v -4 0 -6
v -3 0 -5
v -4 0 -6
v -3 0 -7
v -4 0 -7
v -3 0 -6
v -4 0 -7
v -3 0 -8
v -4 0 -8
v -3 0 -7
v -4 0 -8
v -3 0 -9
v -4 0 -9
v -3 0 -8
v -4 0 -9
v -3 0 -10
v -4 0 -10
v -3 0 -9
v -5 0 -4
v -4 0 -5
v -5 0 -5
v -4 0 -4
v -6 0 -3
v -5 0 -4
v -6 0 -4
v -5 0 -3
v -7 0 -3
v -6 0 -4
v -7 0 -4
v -6 0 -3
v -8 0 -3
v -7 0 -4
v -8 0 -4
v -7 0 -3
v -9 0 -3
v -8 0 -4
v -9 0 -4
v -8 0 -3
v -9 0 -4
v -8 0 -5
v -9 0 -5
v -8 0 -4
v -6 0 -5
v -5 0 -6
v -6 0 -6
v -5 0 -5
v -5 0 -5
v -4 0 -6
v -5 0 -6
v -4 0 -5
v -6 0 -4
v -5 0 -5
v -6 0 -5
v -5 0 -4
v -8 0 -4
v -7 0 -5
v -8 0 -5
v -7 0 -4
v -5 0 -3
v -4 0 -4
v -5 0 -4
v -4 0 -3
v -7 0 -4
v -6 0 -5
v -7 0 -5
v -6 0 -4
v -4 0 11
v -3 0 10
v -4 0 10
v -3 0 11
v -4 0 10
v -3 0 9
v -4 0 9
v -3 0 10
v -4 0 6
v -3 0 5
v -4 0 5
v -3 0 6
v -4 0 5
v -3 0 4
v -4 0 4
v -3 0 5
v -4 0 3
v -3 0 2
v -4 0 2
v -3 0 3
v -4 0 2
v -3 0 1
v -4 0 1
v -3 0 2
v -4 0 7
v -3 0 6
v -4 0 6
v -3 0 7
v -4 0 9
v -3 0 8
v -4 0 8
v -3 0 9
v -5 0 7
v -4 0 6
v -5 0 6
v -4 0 7
v -4 0 8
v -3 0 7
v -4 0 7
v -3 0 8
v -6 0 7
v -5 0 6
v -6 0 6
v -5 0 7
v -8 0 7
v -7 0 6
v -8 0 6
v -7 0 7
v -7 0 7
v -6 0 6
v -7 0 6
v -6 0 7
v -9 0 10
v -8 0 9
v -9 0 9
v -8 0 10
v -10 0 11
v -9 0 10
v -10 0 10
v -9 0 11
v -10 0 10
v -9 0 9
v -10 0 9
v -9 0 10
v -10 0 9
v -9 0 8
v -10 0 8
v -9 0 9
v -9 0 8
v -8 0 7
v -9 0 7
v -8 0 8
v -9 0 9
v -8 0 8
v -9 0 8
v -8 0 9
v -4 0 4
v -3 0 3
v -4 0 3
v -3 0 4
v -9 0 7
v -8 0 6
v -9 0 6
v -8 0 7
v -4 0 -16
v -3 -0.5 -17
v -4 -0.5 -17
v -3 0 -16
v -5 0 -16
v -4 -0.5 -17
v -5 -0.5 -17
v -4 0 -16
v -6 0 -16
v -5 -0.5 -17
v -6 -0.5 -17
v -5 0 -16
v -7 0 -16
v -6 -0.5 -17
v -7 -0.5 -17
v -6 0 -16
v -8 0 -16
v -7 -0.5 -17
v -8 -0.5 -17
v -7 0 -16
v -9 0 -16
v -8 -0.5 -17
v -9 -0.5 -17
v -8 0 -16
v -10 0 -16
v -9 -0.5 -17
v -10 -0.5 -17
v -9 0 -16
v 1 0 -16
v 2 -0.5 -17
v 1 -0.5 -17
v 2 0 -16
v 15 0 -12
v 16 -0.5 -11
v 16 -0.5 -12
v 15 0 -11
v 6 0 -16
v 7 -0.5 -17
v 6 -0.5 -17
v 7 0 -16
v 15 0 -11
v 16 -0.5 -10
v 16 -0.5 -11
v 15 0 -10
v 5 0 -16
v 6 -0.5 -17
v 5 -0.5 -17
v 6 0 -16
v -11 0 -16
v -10 -0.5 -17
v -11 -0.5 -17
v -10 0 -16
v 10 0 -16
v 11 -0.5 -17
v 10 -0.5 -17
v 11 0 -16
v 9 0 -16
v 10 -0.5 -17
v 9 -0.5 -17
v 10 0 -16
v 8 0 -16
v 9 -0.5 -17
v 8 -0.5 -17
v 9 0 -16
v 7 0 -16
v 8 -0.5 -17
v 7 -0.5 -17
v 8 0 -16
v 15 0 11
v 16 -0.5 12
v 16 -0.5 11
v 15 0 12
v 15 0 10
v 16 -0.5 11
v 16 -0.5 10
v 15 0 11
v 15 0 9
v 16 -0.5 10
v 16 -0.5 9
v 15 0 10
v 15 0 8
v 16 -0.5 9
v 16 -0.5 8
v 15 0 9
v 15 0 7
v 16 -0.5 8
v 16 -0.5 7
v 15 0 8
v 15 0 6
v 16 -0.5 7
v 16 -0.5 6
v 15 0 7
v 15 0 5
v 16 -0.5 6
v 16 -0.5 5
v 15 0 6
v 15 0 4
v 16 -0.5 5
v 16 -0.5 4
v 15 0 5
v 15 0 3
v 16 -0.5 4
v 16 -0.5 3
v 15 0 4
v 15 0 2
v 16 -0.5 3
v 16 -0.5 2
v 15 0 3
v 15 0 1
v 16 -0.5 2
v 16 -0.5 1
v 15 0 2
v 15 0 0
v 16 -0.5 1
v 16 -0.5 0
v 15 0 1
v 15 0 -1
v 16 -0.5 0
v 16 -0.5 -1
v 15 0 0
v 15 0 -2
v 16 -0.5 -1
v 16 -0.5 -2
v 15 0 -1
v 15 0 -3
v 16 -0.5 -2
v 16 -0.5 -3
v 15 0 -2
v 15 0 -4
v 16 -0.5 -3
v 16 -0.5 -4
v 15 0 -3
v 4 0 -16
v 5 -0.5 -17
v 4 -0.5 -17
v 5 0 -16
v 15 0 -6
v 16 -0.5 -5
v 16 -0.5 -6
v 15 0 -5
v 15 0 -7
v 16 -0.5 -6
v 16 -0.5 -7
v 15 0 -6
v 15 0 -8
v 16 -0.5 -7
v 16 -0.5 -8
v 15 0 -7
v 15 0 -5
v 16 -0.5 -8
v 16 -0.5 -5
v 15 0 -8
v 15 0 -10
v 16 -0.5 -5
v 16 -0.5 -10
v 15 0 -5
v 3 0 -16
v 4 -0.5 -17
v 3 -0.5 -17
v 4 0 -16
v 15 0 -5
v 16 -0.5 -4
v 16 -0.5 -5
v 15 0 -4
v -15 0 5
v -16 -0.5 4
v -16 -0.5 5
v -15 0 4
v -10 0 16
v -11 -0.5 17
v -10 -0.5 17
v -11 0 16
v -9 0 16
v -10 -0.5 17
v -9 -0.5 17
v -10 0 16
v -8 0 16
v -9 -0.5 17
v -8 -0.5 17
v -9 0 16
v -7 0 16
v -8 -0.5 17
v -7 -0.5 17
v -8 0 16
v -6 0 16
v -7 -0.5 17
v -6 -0.5 17
v -7 0 16
v -5 0 16
v -6 -0.5 17
v -5 -0.5 17
v -6 0 16
v -4 0 16
v -5 -0.5 17
v -4 -0.5 17
v -5 0 16
v -3 0 16
v -4 -0.5 17
v -3 -0.5 17
v -4 0 16
v 1 0 16
v 0 -0.5 17
v 1 -0.5 17
v 0 0 16
v 2 0 16
v 1 -0.5 17
v 2 -0.5 17
v 1 0 16
v 3 0 16
v 2 -0.5 17
v 3 -0.5 17
v 2 0 16
v 4 0 16
v 3 -0.5 17
v 4 -0.5 17
v 3 0 16
v 6 0 16
v 5 -0.5 17
v 6 -0.5 17
v 5 0 16
v 7 0 16
v 6 -0.5 17
v 7 -0.5 17
v 6 0 16
v 8 0 16
v 7 -0.5 17
v 8 -0.5 17
v 7 0 16
v 9 0 16
v 8 -0.5 17
v 9 -0.5 17
v 8 0 16
v 10 0 16
v 9 -0.5 17
v 10 -0.5 17
v 9 0 16
v 11 0 16
v 10 -0.5 17
v 11 -0.5 17
v 10 0 16
v 5 0 16
v 4 -0.5 17
v 5 -0.5 17
v 4 0 16
v -15 0 -11
v -16 -0.5 -12
v -16 -0.5 -11
v -15 0 -12
v -15 0 -10
v -16 -0.5 -11
v -16 -0.5 -10
v -15 0 -11
v -15 0 -9
v -16 -0.5 -10
v -16 -0.5 -9
v -15 0 -10
v -15 0 -8
v -16 -0.5 -9
v -16 -0.5 -8
v -15 0 -9
v -15 0 -7
v -16 -0.5 -8
v -16 -0.5 -7
v -15 0 -8
v -15 0 -6
v -16 -0.5 -7
v -16 -0.5 -6
v -15 0 -7
v -15 0 -5
v -16 -0.5 -6
v -16 -0.5 -5
v -15 0 -6
v -15 0 -4
v -16 -0.5 -5
v -16 -0.5 -4
v -15 0 -5
v -15 0 -3
v -16 -0.5 -4
v -16 -0.5 -3
v -15 0 -4
v -15 0 -2
v -16 -0.5 -3
v -16 -0.5 -2
v -15 0 -3
v -15 0 -1
v -16 -0.5 -2
v -16 -0.5 -1
v -15 0 -2
v -15 0 0
v -16 -0.5 -1
v -16 -0.5 0
v -15 0 -1
v -15 0 1
v -16 -0.5 0
v -16 -0.5 1
v -15 0 0
v -15 0 2
v -16 -0.5 1
v -16 -0.5 2
v -15 0 1
v -15 0 3
v -16 -0.5 2
v -16 -0.5 3
v -15 0 2
v -15 0 4
v -16 -0.5 3
v -16 -0.5 4
v -15 0 3
v -15 0 12
v -16 -0.5 11
v -16 -0.5 12
v -15 0 11
v -15 0 6
v -16 -0.5 5
v -16 -0.5 6
v -15 0 5
v -15 0 7
v -16 -0.5 6
v -16 -0.5 7
v -15 0 6
v -15 0 8
v -16 -0.5 7
v -16 -0.5 8
v -15 0 7
v -15 0 9
v -16 -0.5 8
v -16 -0.5 9
v -15 0 8
v -15 0 10
v -16 -0.5 9
v -16 -0.5 10
v -15 0 9
v -15 0 11
v -16 -0.5 10
v -16 -0.5 11
v -15 0 10
v -15 0 16
v -16 -0.5 17
v -15 -0.5 17
v -15 0 16
v -15 0 16
v -15 0 16
v -16 -0.5 17
v -16 -0.5 16
v 0 0 2
v 1 0 1
v 0 0 1
v 1 0 2
v -15 0 -16
v -16 -0.5 -17
v -16 -0.5 -16
v -15 -0.5 -16
v -15 0 -16
v -15 -0.5 -17
v -16 -0.5 -17
v -15 0 -16
v 2 0 -16
v 3 -0.5 -17
v 2 -0.5 -17
v 3 0 -16
v -15 0 -16
v -14 -0.5 -17
v -15 -0.5 -17
v -14 0 -16
v 11 0 -16
v 12 -0.5 -17
v 11 -0.5 -17
v 12 0 -16
v 12 0 -16
v 13 -0.5 -17
v 12 -0.5 -17
v 13 0 -16
v 15 0 -15
v 16 -0.5 -14
v 16 -0.5 -15
v 15 0 -14
v -12 0 -16
v -11 -0.5 -17
v -12 -0.5 -17
v -11 0 -16
v 15 0 -14
v 16 -0.5 -13
v 16 -0.5 -14
v 15 0 -13
v -15 0 10
v -13 0 10
v -15 0 10
v -13 0 10
v -15 0 -13
v -16 -0.5 -14
v -16 -0.5 -13
v -15 0 -14
v 9 0 11
v 11 0 10
v 9 0 10
v 11 0 11
v -11 0 -12
v -9 0 -13
v -11 0 -13
v -9 0 -12
v -13 0 -2
v -11 0 -2
v -13 0 -2
v -11 0 -2
v -14 0 -16
v -13 -0.5 -17
v -14 -0.5 -17
v -13 0 -16
v 15 0 -16
v 16 -0.5 -17
v 15 -0.5 -17
v 15 0 -16
v 15 0 -16
v 16 -0.5 -15
v 16 -0.5 -16
v 15 0 -15
v -15 0 -12
v -16 -0.5 -13
v -16 -0.5 -12
v -15 0 -13
v 15 0 -13
v 16 -0.5 -12
v 16 -0.5 -13
v 15 0 -12
v -15 0 -14
v -16 -0.5 -15
v -16 -0.5 -14
v -15 0 -15
v -15 0 -15
v -16 -0.5 -16
v -16 -0.5 -15
v -15 0 -16
v 9 0 10
v 11 0 9
v 9 0 9
v 11 0 10
v -13 0 -16
v -12 -0.5 -17
v -13 -0.5 -17
v -12 0 -16
v 10 0 -12
v 11 0 -13
v 10 0 -13
v 11 0 -12
v 7 0 -12
v 8 0 -13
v 7 0 -13
v 8 0 -12
v 6 0 -12
v 7 0 -13
v 6 0 -13
v 7 0 -12
v 5 0 -12
v 6 0 -13
v 5 0 -13
v 6 0 -12
v 4 0 -12
v 5 0 -13
v 4 0 -13
v 5 0 -12
v 3 0 -12
v 4 0 -13
v 3 0 -13
v 4 0 -12
v 2 0 -12
v 3 0 -13
v 2 0 -13
v 3 0 -12
v 1 0 -12
v 2 0 -13
v 1 0 -13
v 2 0 -12
v 0 0 -12
v 1 0 -13
v 0 0 -13
v 1 0 -12
v -4 0 -12
v -3 0 -13
v -4 0 -13
v -3 0 -12
v -5 0 -12
v -4 0 -13
v -5 0 -13
v -4 0 -12
v -6 0 -12
v -5 0 -13
v -6 0 -13
v -5 0 -12
v -9 0 -12
v -8 0 -13
v -9 0 -13
v -8 0 -12
v 10 0 -13
v 11 0 -14
v 10 0 -14
v 11 0 -13
v 9 0 -13
v 10 0 -14
v 9 0 -14
v 10 0 -13
v 8 0 -13
v 9 0 -14
v 8 0 -14
v 9 0 -13
v 7 0 -13
v 8 0 -14
v 7 0 -14
v 8 0 -13
v 6 0 -13
v 7 0 -14
v 6 0 -14
v 7 0 -13
v 5 0 -13
v 6 0 -14
v 5 0 -14
v 6 0 -13
v 4 0 -13
v 5 0 -14
v 4 0 -14
v 5 0 -13
v 3 0 -13
v 4 0 -14
v 3 0 -14
v 4 0 -13
v 2 0 -13
v 3 0 -14
v 2 0 -14
v 3 0 -13
v 1 0 -13
v 2 0 -14
v 1 0 -14
v 2 0 -13
v 0 0 -13
v 1 0 -14
v 0 0 -14
v 1 0 -13
v -5 0 -13
v -4 0 -14
v -5 0 -14
v -4 0 -13
v -12 0 -1
v -11 0 -2
v -12 0 -2
v -11 0 -1
v -10 0 -13
v -9 0 -14
v -10 0 -14
v -9 0 -13
v -11 0 -12
v -10 0 -13
v -11 0 -13
v -10 0 -12
v -12 0 -12
v -11 0 -13
v -12 0 -13
v -11 0 -12
v 10 0 -14
v 11 0 -15
v 10 0 -15
v 11 0 -14
v 9 0 -14
v 10 0 -15
v 9 0 -15
v 10 0 -14
v 8 0 -14
v 9 0 -15
v 8 0 -15
v 9 0 -14
v 7 0 -14
v 8 0 -15
v 7 0 -15
v 8 0 -14
v 6 0 -14
v 7 0 -15
v 6 0 -15
v 7 0 -14
v 4 0 -14
v 5 0 -15
v 4 0 -15
v 5 0 -14
v 3 0 -14
v 4 0 -15
v 3 0 -15
v 4 0 -14
v 2 0 -14
v 3 0 -15
v 2 0 -15
v 3 0 -14
v 1 0 -14
v 2 0 -15
v 1 0 -15
v 2 0 -14
v 0 0 -14
v 1 0 -15
v 0 0 -15
v 1 0 -14
v -4 0 -14
v -3 0 -15
v -4 0 -15
v -3 0 -14
v -4 0 -13
v -3 0 -14
v -4 0 -14
v -3 0 -13
v -11 0 -13
v -10 0 -14
v -11 0 -14
v -10 0 -13
v -11 0 -14
v -10 0 -15
v -11 0 -15
v -10 0 -14
v -10 0 -14
v -9 0 -15
v -10 0 -15
v -9 0 -14
v -5 0 -14
v -4 0 -15
v -5 0 -15
v -4 0 -14
v 10 0 -15
v 11 0 -16
v 10 0 -16
v 11 0 -15
v 9 0 -15
v 10 0 -16
v 9 0 -16
v 10 0 -15
v 8 0 -15
v 9 0 -16
v 8 0 -16
v 9 0 -15
v 7 0 -15
v 8 0 -16
v 7 0 -16
v 8 0 -15
v 6 0 -15
v 7 0 -16
v 6 0 -16
v 7 0 -15
v 5 0 -15
v 6 0 -16
v 5 0 -16
v 6 0 -15
v 4 0 -15
v 5 0 -16
v 4 0 -16
v 5 0 -15
v 3 0 -15
v 4 0 -16
v 3 0 -16
v 4 0 -15
v 2 0 -15
v 3 0 -16
v 2 0 -16
v 3 0 -15
v 1 0 -15
v 2 0 -16
v 1 0 -16
v 2 0 -15
v 0 0 -15
v 1 0 -16
v 0 0 -16
v 1 0 -15
v -4 0 -15
v -3 0 -16
v -4 0 -16
v -3 0 -15
v -5 0 -15
v -4 0 -16
v -5 0 -16
v -4 0 -15
v -6 0 -15
v -5 0 -16
v -6 0 -16
v -5 0 -15
v -7 0 -15
v -6 0 -16
v -7 0 -16
v -6 0 -15
v -8 0 -15
v -7 0 -16
v -8 0 -16
v -7 0 -15
v -9 0 -15
v -8 0 -16
v -9 0 -16
v -8 0 -15
v -10 0 -15
v -9 0 -16
v -10 0 -16
v -9 0 -15
v -11 0 -15
v -10 0 -16
v -11 0 -16
v -10 0 -15
v -9 0 -14
v -8 0 -15
v -9 0 -15
v -8 0 -14
v -8 0 -14
v -7 0 -15
v -8 0 -15
v -7 0 -14
v 9.25 0 -11
v 10 0 -12
v 9.25 0 -12
v 10 0 -11
v 10 0 -11
v 11 0 -12
v 10 0 -12
v 11 0 -11
v 14 0 0
v 15 0 -1
v 14 0 -1
v 15 0 0
v 14 0 -1
v 15 0 -2
v 14 0 -2
v 15 0 -1
v 14 0 -2
v 15 0 -3
v 14 0 -3
v 15 0 -2
v 14 0 -3
v 15 0 -4
v 14 0 -4
v 15 0 -3
v 14 0 -4
v 15 0 -5
v 14 0 -5
v 15 0 -4
v 14 0 -5
v 15 0 -6
v 14 0 -6
v 15 0 -5
v 14 0 -6
v 15 0 -7
v 14 0 -7
v 15 0 -6
v 14 0 -7
v 15 0 -8
v 14 0 -8
v 15 0 -7
v 14 0 -8
v 15 0 -9
v 14 0 -9
v 15 0 -8
v 14 0 -9
v 15 0 -10
v 14 0 -10
v 15 0 -9
v 14 0 -10
v 15 0 -11
v 14 0 -11
v 15 0 -10
v 14 0 -11
v 15 0 -12
v 14 0 -12
v 15 0 -11
v 14 0 -12
v 15 0 -13
v 14 0 -13
v 15 0 -12
v 14 0 -13
v 15 0 -14
v 14 0 -14
v 15 0 -13
v 14 0 -14
v 15 0 -15
v 14 0 -15
v 15 0 -14
v 14 0 -15
v 15 0 -16
v 14 0 -16
v 15 0 -15
v 13 0 -15
v 14 0 -16
v 13 0 -16
v 14 0 -15
v 13 0 -14
v 14 0 -15
v 13 0 -15
v 14 0 -14
v 13 0 -13
v 14 0 -14
v 13 0 -14
v 14 0 -13
v 13 0 -12
v 14 0 -13
v 13 0 -13
v 14 0 -12
v 13 0 -11
v 14 0 -12
v 13 0 -12
v 14 0 -11
v 13 0 -10
v 14 0 -11
v 13 0 -11
v 14 0 -10
v 13 0 -9
v 14 0 -10
v 13 0 -10
v 14 0 -9
v 13 0 -8
v 14 0 -9
v 13 0 -9
v 14 0 -8
v 13 0 -7
v 14 0 -8
v 13 0 -8
v 14 0 -7
v 13 0 -6
v 14 0 -7
v 13 0 -7
v 14 0 -6
v 13 0 -5
v 14 0 -6
v 13 0 -6
v 14 0 -5
v 13 0 -4
v 14 0 -5
v 13 0 -5
v 14 0 -4
v 13 0 -2
v 14 0 -3
v 13 0 -3
v 14 0 -2
v 13 0 -1
v 14 0 -2
v 13 0 -2
v 14 0 -1
v 13 0 0
v 14 0 -1
v 13 0 -1
v 14 0 0
v 12 0 0
v 13 0 -1
v 12 0 -1
v 13 0 0
v 12 0 -1
v 13 0 -2
v 12 0 -2
v 13 0 -1
v 12 0 -2
v 13 0 -3
v 12 0 -3
v 13 0 -2
v 12 0 -3
v 13 0 -4
v 12 0 -4
v 13 0 -3
v 12 0 -4
v 13 0 -5
v 12 0 -5
v 13 0 -4
v 12 0 -5
v 13 0 -6
v 12 0 -6
v 13 0 -5
v 12 0 -6
v 13 0 -7
v 12 0 -7
v 13 0 -6
v 12 0 -7
v 13 0 -8
v 12 0 -8
v 13 0 -7
v 12 0 -8
v 13 0 -9
v 12 0 -9
v 13 0 -8
v 12 0 -9
v 13 0 -10
v 12 0 -10
v 13 0 -9
v 12 0 -10
v 13 0 -11
v 12 0 -11
v 13 0 -10
v 12 0 -11
v 13 0 -12
v 12 0 -12
v 13 0 -11
v 12 0 -12
v 13 0 -13
v 12 0 -13
v 13 0 -12
v 12 0 -13
v 13 0 -14
v 12 0 -14
v 13 0 -13
v 12 0 -14
v 13 0 -15
v 12 0 -15
v 13 0 -14
v 12 0 -15
v 13 0 -16
v 12 0 -16
v 13 0 -15
v 11 0 -15
v 12 0 -16
v 11 0 -16
v 12 0 -15
v 11 0 -14
v 12 0 -15
v 11 0 -15
v 12 0 -14
v 11 0 -13
v 12 0 -14
v 11 0 -14
v 12 0 -13
v 11 0 -12
v 12 0 -13
v 11 0 -13
v 12 0 -12
v 11 0 -11
v 12 0 -12
v 11 0 -12
v 12 0 -11
v 11 0 -10
v 12 0 -11
v 11 0 -11
v 12 0 -10
v 11 0 -9
v 12 0 -10
v 11 0 -10
v 12 0 -9
v 11 0 -8
v 12 0 -9
v 11 0 -9
v 12 0 -8
v 11 0 -7
v 12 0 -8
v 11 0 -8
v 12 0 -7
v 11 0 -6
v 12 0 -7
v 11 0 -7
v 12 0 -6
v 11 0 -5
v 12 0 -6
v 11 0 -6
v 12 0 -5
v 13 0 -3
v 14 0 -4
v 13 0 -4
v 14 0 -3
v 14 0 12
v 15 0 11
v 14 0 11
v 15 0 12
v 14 0 11
v 15 0 10
v 14 0 10
v 15 0 11
v 14 0 10
v 15 0 9
v 14 0 9
v 15 0 10
v 14 0 8
v 15 0 7
v 14 0 7
v 15 0 8
v 14 0 6
v 15 0 5
v 14 0 5
v 15 0 6
v 14 0 1
v 15 0 0
v 14 0 0
v 15 0 1
v 14 0 2
v 15 0 1
v 14 0 1
v 15 0 2
v 14 0 7
v 15 0 6
v 14 0 6
v 15 0 7
v 14 0 9
v 15 0 8
v 14 0 8
v 15 0 9
v 13 0 11
v 14 0 10
v 13 0 10
v 14 0 11
v 13 0 12
v 14 0 11
v 13 0 11
v 14 0 12
v 13 0 10
v 14 0 9
v 13 0 9
v 14 0 10
v 13 0 9
v 14 0 8
v 13 0 8
v 14 0 9
v 13 0 8
v 14 0 7
v 13 0 7
v 14 0 8
v 13 0 7
v 14 0 6
v 13 0 6
v 14 0 7
v 13 0 6
v 14 0 5
v 13 0 5
v 14 0 6
v 13 0 2
v 14 0 1
v 13 0 1
v 14 0 2
v 13 0 1
v 14 0 0
v 13 0 0
v 14 0 1
v 12 0 1
v 13 0 0
v 12 0 0
v 13 0 1
v 12 0 2
v 13 0 1
v 12 0 1
v 13 0 2
v 12 0 6
v 13 0 5
v 12 0 5
v 13 0 6
v 12 0 7
v 13 0 6
v 12 0 6
v 13 0 7
v 12 0 8
v 13 0 7
v 12 0 7
v 13 0 8
v 12 0 9
v 13 0 8
v 12 0 8
v 13 0 9
v 12 0 11
v 13 0 10
v 12 0 10
v 13 0 11
v 12 0 12
v 13 0 11
v 12 0 11
v 13 0 12
v 11 0 12
v 12 0 11
v 11 0 11
v 12 0 12
v 11 0 11
v 12 0 10
v 11 0 10
v 12 0 11
v 11 0 10
v 12 0 9
v 11 0 9
v 12 0 10
v 11 0 9
v 12 0 8
v 11 0 8
v 12 0 9
v 11 0 2
v 12 0 1
v 11 0 1
v 12 0 2
v 11 0 1
v 12 0 0
v 11 0 0
v 12 0 1
v 11 0 7
v 12 0 6
v 11 0 6
v 12 0 7
v 11 0 8
v 12 0 7
v 11 0 7
v 12 0 8
v 11 0 6
v 12 0 5
v 11 0 5
v 12 0 6
v 12 0 10
v 13 0 9
v 12 0 9
v 13 0 10
v 14 0 16
v 15 0 15
v 14 0 15
v 15 0 16
v 14 0 15
v 15 0 14
v 14 0 14
v 15 0 15
v 14 0 14
v 15 0 13
v 14 0 13
v 15 0 14
v 14 0 13
v 15 0 12
v 14 0 12
v 15 0 13
v 13 0 16
v 14 0 15
v 13 0 15
v 14 0 16
v 12 0 16
v 13 0 15
v 12 0 15
v 13 0 16
v 10 0 16
v 11 0 15
v 10 0 15
v 11 0 16
v 9 0 16
v 10 0 15
v 9 0 15
v 10 0 16
v 7 0 16
v 8 0 15
v 7 0 15
v 8 0 16
v 6 0 16
v 7 0 15
v 6 0 15
v 7 0 16
v 5 0 16
v 6 0 15
v 5 0 15
v 6 0 16
v 4 0 16
v 5 0 15
v 4 0 15
v 5 0 16
v 3 0 16
v 4 0 15
v 3 0 15
v 4 0 16
v 2 0 16
v 3 0 15
v 2 0 15
v 3 0 16
v 1 0 16
v 2 0 15
v 1 0 15
v 2 0 16
v 8 0 16
v 9 0 15
v 8 0 15
v 9 0 16
v 11 0 16
v 12 0 15
v 11 0 15
v 12 0 16
v 1 0 15
v 2 0 14
v 1 0 14
v 2 0 15
v 5 0 15
v 6 0 14
v 5 0 14
v 6 0 15
v 8 0 15
v 9 0 14
v 8 0 14
v 9 0 15
v 11 0 15
v 12 0 14
v 11 0 14
v 12 0 15
v 13 0 15
v 14 0 14
v 13 0 14
v 14 0 15
v 13 0 13
v 14 0 12
v 13 0 12
v 14 0 13
v 12 0 13
v 13 0 12
v 12 0 12
v 13 0 13
v 12 0 14
v 13 0 13
v 12 0 13
v 13 0 14
v 12 0 15
v 13 0 14
v 12 0 14
v 13 0 15
v 13 0 14
v 14 0 13
v 13 0 13
v 14 0 14
v 11 0 14
v 12 0 13
v 11 0 13
v 12 0 14
v 10 0 14
v 11 0 13
v 10 0 13
v 11 0 14
v 9 0 14
v 10 0 13
v 9 0 13
v 10 0 14
v 8 0 14
v 9 0 13
v 8 0 13
v 9 0 14
v 7 0 14
v 8 0 13
v 7 0 13
v 8 0 14
v 6 0 14
v 7 0 13
v 6 0 13
v 7 0 14
v 5 0 14
v 6 0 13
v 5 0 13
v 6 0 14
v 4 0 14
v 5 0 13
v 4 0 13
v 5 0 14
v 3 0 14
v 4 0 13
v 3 0 13
v 4 0 14
v 2 0 14
v 3 0 13
v 2 0 13
v 3 0 14
v 1 0 14
v 2 0 13
v 1 0 13
v 2 0 14
v 1 0 13
v 2 0 12
v 1 0 12
v 2 0 13
v 2 0 13
v 3 0 12
v 2 0 12
v 3 0 13
v 4 0 13
v 5 0 12
v 4 0 12
v 5 0 13
v 5 0 13
v 6 0 12
v 5 0 12
v 6 0 13
v 6 0 13
v 7 0 12
v 6 0 12
v 7 0 13
v 7 0 13
v 8 0 12
v 7 0 12
v 8 0 13
v 8 0 13
v 9 0 12
v 8 0 12
v 9 0 13
v 9 0 13
v 10 0 12
v 9 0 12
v 10 0 13
v 10 0 13
v 11 0 12
v 10 0 12
v 11 0 13
v 11 0 13
v 12 0 12
v 11 0 12
v 12 0 13
v 10 0 15
v 11 0 14
v 10 0 14
v 11 0 15
v 9 0 15
v 10 0 14
v 9 0 14
v 10 0 15
v 7 0 15
v 8 0 14
v 7 0 14
v 8 0 15
v 6 0 15
v 7 0 14
v 6 0 14
v 7 0 15
v 4 0 15
v 5 0 14
v 4 0 14
v 5 0 15
v 3 0 15
v 4 0 14
v 3 0 14
v 4 0 15
v 2 0 15
v 3 0 14
v 2 0 14
v 3 0 15
v 3 0 13
v 4 0 12
v 3 0 12
v 4 0 13
v 0 0 16
v 1 0 15
v 0 0 15
v 1 0 16
v -4 0 16
v -3 0 15
v -4 0 15
v -3 0 16
v -5 0 16
v -4 0 15
v -5 0 15
v -4 0 16
v -6 0 16
v -5 0 15
v -6 0 15
v -5 0 16
v -7 0 16
v -6 0 15
v -7 0 15
v -6 0 16
v -8 0 16
v -7 0 15
v -8 0 15
v -7 0 16
v -9 0 16
v -8 0 15
v -9 0 15
v -8 0 16
v -10 0 16
v -9 0 15
v -10 0 15
v -9 0 16
v -11 0 16
v -10 0 15
v -11 0 15
v -10 0 16
v 0 0 15
v 1 0 14
v 0 0 14
v 1 0 15
v -5 0 15
v -4 0 14
v -5 0 14
v -4 0 15
v -6 0 15
v -5 0 14
v -6 0 14
v -5 0 15
v -8 0 15
v -7 0 14
v -8 0 14
v -7 0 15
v -11 0 15
v -10 0 14
v -11 0 14
v -10 0 15
v -6 0 14
v -5 0 13
v -6 0 13
v -5 0 14
v -8 0 14
v -7 0 13
v -8 0 13
v -7 0 14
v -9 0 14
v -8 0 13
v -9 0 13
v -8 0 14
v 0 0 13
v 1 0 12
v 0 0 12
v 1 0 13
v -4 0 13
v -3 0 12
v -4 0 12
v -3 0 13
v -5 0 13
v -4 0 12
v -5 0 12
v -4 0 13
v -7 0 13
v -6 0 12
v -7 0 12
v -6 0 13
v -8 0 13
v -7 0 12
v -8 0 12
v -7 0 13
v -9 0 13
v -8 0 12
v -9 0 12
v -8 0 13
v -10 0 13
v -9 0 12
v -10 0 12
v -9 0 13
v -13 0 16
v -12 0 15
v -13 0 15
v -12 0 16
v -14 0 16
v -13 0 15
v -14 0 15
v -13 0 16
v -15 0 16
v -14 0 15
v -15 0 15
v -14 0 16
v -15 0 15
v -14 0 14
v -15 0 14
v -14 0 15
v -15 0 13
v -14 0 12
v -15 0 12
v -14 0 13
v -15 0 12
v -14 0 11
v -15 0 11
v -14 0 12
v -15 0 10
v -14 0 9
v -15 0 9
v -14 0 10
v -15 0 9
v -14 0 8
v -15 0 8
v -14 0 9
v -15 0 8
v -14 0 7
v -15 0 7
v -14 0 8
v -15 0 7
v -14 0 6
v -15 0 6
v -14 0 7
v -14 0 5
v -13 0 4
v -14 0 4
v -13 0 5
v -14 0 4
v -13 0 3
v -14 0 3
v -13 0 4
v -13 0 5
v -12 0 4
v -13 0 4
v -12 0 5
v -13 0 11
v -12 0 10
v -13 0 10
v -12 0 11
v -13 0 12
v -12 0 11
v -13 0 11
v -12 0 12
v -13 0 13
v -12 0 12
v -13 0 12
v -12 0 13
v -13 0 14
v -12 0 13
v -13 0 13
v -12 0 14
v -13 0 15
v -12 0 14
v -13 0 14
v -12 0 15
v -14 0 15
v -13 0 14
v -14 0 14
v -13 0 15
v -14 0 14
v -13 0 13
v -14 0 13
v -13 0 14
v -14 0 13
v -13 0 12
v -14 0 12
v -13 0 13
v -14 0 12
v -13 0 11
v -14 0 11
v -13 0 12
v -14 0 11
v -13 0 10
v -14 0 10
v -13 0 11
v -15 0 6
v -14 0 5
v -15 0 5
v -14 0 6
v -15 0 5
v -14 0 4
v -15 0 4
v -14 0 5
v -15 0 4
v -14 0 3
v -15 0 3
v -14 0 4
v -13 0 3
v -12 0 2
v -13 0 2
v -12 0 3
v -12 0 4
v -11 0 3
v -12 0 3
v -11 0 4
v -13 0 4
v -12 0 3
v -13 0 3
v -12 0 4
v -12 0 5
v -11 0 4
v -12 0 4
v -11 0 5
v -12 0 10
v -11 0 9
v -12 0 9
v -11 0 10
v -12 0 12
v -11 0 11
v -12 0 11
v -11 0 12
v -12 0 13
v -11 0 12
v -12 0 12
v -11 0 13
v -12 0 14
v -11 0 13
v -12 0 13
v -11 0 14
v -12 0 15
v -11 0 14
v -12 0 14
v -11 0 15
v -12 0 16
v -11 0 15
v -12 0 15
v -11 0 16
v -15 0 14
v -14 0 13
v -15 0 13
v -14 0 14
v -15 0 11
v -14 0 10
v -15 0 10
v -14 0 11
v -11 0 14
v -10 0 13
v -11 0 13
v -10 0 14
v -10 0 14
v -9 0 13
v -10 0 13
v -9 0 14
v -9 0 15
v -8 0 14
v -9 0 14
v -8 0 15
v -10 0 15
v -9 0 14
v -10 0 14
v -9 0 15
v -11 0 13
v -10 0 12
v -11 0 12
v -10 0 13
v -7 0 15
v -6 0 14
v -7 0 14
v -6 0 15
v -7 0 14
v -6 0 13
v -7 0 13
v -6 0 14
v -6 0 13
v -5 0 12
v -6 0 12
v -5 0 13
v -5 0 14
v -4 0 13
v -5 0 13
v -4 0 14
v -4 0 15
v -3 0 14
v -4 0 14
v -3 0 15
v -4 0 14
v -3 0 13
v -4 0 13
v -3 0 14
v 0 0 14
v 1 0 13
v 0 0 13
v 1 0 14
v -12 0 3
v -11 0 2
v -12 0 2
v -11 0 3
v -12 0 1
v -11 0 0
v -12 0 0
v -11 0 1
v -12 0 -2
v -11 0 -3
v -12 0 -3
v -11 0 -2
v -12 0 -3
v -11 0 -4
v -12 0 -4
v -11 0 -3
v -12 0 -4
v -11 0 -5
v -12 0 -5
v -11 0 -4
v -12 0 -11
v -11 0 -12
v -12 0 -12
v -11 0 -11
v -12 0 -15
v -11 0 -16
v -12 0 -16
v -11 0 -15
v -12 0 -14
v -11 0 -15
v -12 0 -15
v -11 0 -14
v -12 0 -13
v -11 0 -14
v -12 0 -14
v -11 0 -13
v -13 0 -13
v -12 0 -14
v -13 0 -14
v -12 0 -13
v -13 0 -14
v -12 0 -15
v -13 0 -15
v -12 0 -14
v -13 0 -15
v -12 0 -16
v -13 0 -16
v -12 0 -15
v -13 0 -12
v -12 0 -13
v -13 0 -13
v -12 0 -12
v -13 0 -11
v -12 0 -12
v -13 0 -12
v -12 0 -11
v -13 0 -10
v -12 0 -11
v -13 0 -11
v -12 0 -10
v -13 0 -9
v -12 0 -10
v -13 0 -10
v -12 0 -9
v -13 0 -8
v -12 0 -9
v -13 0 -9
v -12 0 -8
v -13 0 -7
v -12 0 -8
v -13 0 -8
v -12 0 -7
v -13 0 -6
v -12 0 -7
v -13 0 -7
v -12 0 -6
v -13 0 -5
v -12 0 -6
v -13 0 -6
v -12 0 -5
v -13 0 -4
v -12 0 -5
v -13 0 -5
v -12 0 -4
v -13 0 -3
v -12 0 -4
v -13 0 -4
v -12 0 -3
v -13 0 -2
v -12 0 -3
v -13 0 -3
v -12 0 -2
v -13 0 -1
v -12 0 -2
v -13 0 -2
v -12 0 -1
v -13 0 2
v -12 0 1
v -13 0 1
v -12 0 2
v -14 0 3
v -13 0 2
v -14 0 2
v -13 0 3
v -14 0 1
v -13 0 0
v -14 0 0
v -13 0 1
v -14 0 -1
v -13 0 -2
v -14 0 -2
v -13 0 -1
v -14 0 -5
v -13 0 -6
v -14 0 -6
v -13 0 -5
v -14 0 -4
v -13 0 -5
v -14 0 -5
v -13 0 -4
v -14 0 -3
v -13 0 -4
v -14 0 -4
v -13 0 -3
v -14 0 -2
v -13 0 -3
v -14 0 -3
v -13 0 -2
v -14 0 -6
v -13 0 -7
v -14 0 -7
v -13 0 -6
v -14 0 -7
v -13 0 -8
v -14 0 -8
v -13 0 -7
v -14 0 -8
v -13 0 -9
v -14 0 -9
v -13 0 -8
v -14 0 -9
v -13 0 -10
v -14 0 -10
v -13 0 -9
v -14 0 -10
v -13 0 -11
v -14 0 -11
v -13 0 -10
v -14 0 -11
v -13 0 -12
v -14 0 -12
v -13 0 -11
v -14 0 -12
v -13 0 -13
v -14 0 -13
v -13 0 -12
v -14 0 -13
v -13 0 -14
v -14 0 -14
v -13 0 -13
v -14 0 -14
v -13 0 -15
v -14 0 -15
v -13 0 -14
v -14 0 -15
v -13 0 -16
v -14 0 -16
v -13 0 -15
v -15 0 -15
v -14 0 -16
v -15 0 -16
v -14 0 -15
v -15 0 -14
v -14 0 -15
v -15 0 -15
v -14 0 -14
v -15 0 -13
v -14 0 -14
v -15 0 -14
v -14 0 -13
v -15 0 -12
v -14 0 -13
v -15 0 -13
v -14 0 -12
v -15 0 -11
v -14 0 -12
v -15 0 -12
v -14 0 -11
v -15 0 -10
v -14 0 -11
v -15 0 -11
v -14 0 -10
v -15 0 -9
v -14 0 -10
v -15 0 -10
v -14 0 -9
v -15 0 -8
v -14 0 -9
v -15 0 -9
v -14 0 -8
v -15 0 -7
v -14 0 -8
v -15 0 -8
v -14 0 -7
v -15 0 -6
v -14 0 -7
v -15 0 -7
v -14 0 -6
v -15 0 -5
v -14 0 -6
v -15 0 -6
v -14 0 -5
v -15 0 -4
v -14 0 -5
v -15 0 -5
v -14 0 -4
v -15 0 -3
v -14 0 -4
v -15 0 -4
v -14 0 -3
v -15 0 -2
v -14 0 -3
v -15 0 -3
v -14 0 -2
v -15 0 -1
v -14 0 -2
v -15 0 -2
v -14 0 -1
v -15 0 1
v -14 0 0
v -15 0 0
v -14 0 1
v -15 0 2
v -14 0 1
v -15 0 1
v -14 0 2
v -15 0 3
v -14 0 2
v -15 0 2
v -14 0 3
v -15 0 0
v -14 0 -1
v -15 0 -1
v -14 0 0
v -15 0 14
v -16 -0.5 13
v -16 -0.5 14
v -15 0 13
v -15 0 13
v -16 -0.5 12
v -16 -0.5 13
v -15 0 12
v -15 0 16
v -16 -0.5 15
v -16 -0.5 16
v -15 0 15
v -15 0 15
v -16 -0.5 14
v -16 -0.5 15
v -15 0 14
v -12 0 16
v -13 -0.5 17
v -12 -0.5 17
v -13 0 16
v -11 0 16
v -12 -0.5 17
v -11 -0.5 17
v -12 0 16
v -14 0 16
v -15 -0.5 17
v -14 -0.5 17
v -15 0 16
v -13 0 16
v -14 -0.5 17
v -13 -0.5 17
v -14 0 16
v 8 0 2
v 9 0 1
v 8 0 1
v 9 0 2
v 0 0 -2
v 1 0 -3
v 0 0 -3
v 1 0 -2
v 7 0 2
v 8 0 1
v 7 0 1
v 8 0 2
v 2 0 2
v 3 0 1
v 2 0 1
v 3 0 2
v 5 0 2
v 6 0 1
v 5 0 1
v 6 0 2
v 1 0 2
v 2 0 1
v 1 0 1
v 2 0 2
v 4 0 2
v 5 0 1
v 4 0 1
v 5 0 2
v -14 0 5
v -13 0 6
v -14 0 5
v -13 0 5
v -11 0 6
v -10 0 6
v -11 0 5
v -10 0 6
v 1 0 1
v 2 0 0
v 1 0 0
v 2 0 1
v 2 0 1
v 3 0 0
v 2 0 0
v 3 0 1
v 6 0 -2
v 7 0 -3
v 6 0 -3
v 7 0 -2
v 9 0 1
v 10 0 0
v 9 0 0
v 10 0 1
v 10 0 1
v 11 0 0
v 10 0 0
v 11 0 1
v 9 0 2
v 10 0 1
v 9 0 1
v 10 0 2
v 8 0 1
v 9 0 0
v 8 0 0
v 9 0 1
v 5 0 1
v 6 0 0
v 5 0 0
v 6 0 1
v 10 0 2
v 11 0 1
v 10 0 1
v 11 0 2
v 5 0 -4
v 6 0 -5
v 5 0 -5
v 6 0 -4
v 3 0 -4
v 4 0 -5
v 3 0 -5
v 4 0 -4
v 4 0 -4
v 5 0 -5
v 4 0 -5
v 5 0 -4
v 3 0 -1
v 4 0 -2
v 3 0 -2
v 4 0 -1
v 7 0 0
v 8 0 -1
v 7 0 -1
v 8 0 0
v 3 0 -2
v 4 0 -3
v 3 0 -3
v 4 0 -2
v 3 0 -3
v 4 0 -4
v 3 0 -4
v 4 0 -3
v 2 0 -3
v 3 0 -4
v 2 0 -4
v 3 0 -3
v 1 0 -3
v 2 0 -4
v 1 0 -4
v 2 0 -3
v 1 0 -2
v 2 0 -3
v 1 0 -3
v 2 0 -2
v 1 0 -1
v 2 0 -2
v 1 0 -2
v 2 0 -1
v 1 0 0
v 2 0 -1
v 1 0 -1
v 2 0 0
v 2 0 -1
v 3 0 -2
v 2 0 -2
v 3 0 -1
v 2 0 -2
v 3 0 -3
v 2 0 -3
v 3 0 -2
v 2 0 0
v 3 0 -1
v 2 0 -1
v 3 0 0
v 4 0 -11
v 5 0 -12
v 4 0 -12
v 5 0 -11
v 3 0 -11
v 4 0 -12
v 3 0 -12
v 4 0 -11
v 2 0 -11
v 3 0 -12
v 2 0 -12
v 3 0 -11
v -6 0 -6
v -5 0 -7
v -6 0 -7
v -5 0 -6
v -5 0 -6
v -4 0 -7
v -5 0 -7
v -4 0 -6
v -5 0 -7
v -4 0 -8
v -5 0 -8
v -4 0 -7
v -6 0 -7
v -5 0 -8
v -6 0 -8
v -5 0 -7
v -6 0 -8
v -5 0 -9
v -6 0 -9
v -5 0 -8
v -5 0 -8
v -4 0 -9
v -5 0 -9
v -4 0 -8
v -5 0 -9
v -4 0 -10
v -5 0 -10
v -4 0 -9
v -6 0 -9
v -5 0 -10
v -6 0 -10
v -5 0 -9
v -6 0 -10
v -5 0 -11
v -6 0 -11
v -5 0 -10
v -5 0 -10
v -4 0 -11
v -5 0 -11
v -4 0 -10
v -12 0 6
v -11 0 5
v -12 0 5
v -11 0 6
v 15 0 16
v 16 -0.5 17
v 16 -0.5 16
v 15 0 16
v 6 0 -7
v 7 0 -8
v 6 0 -8
v 7 0 -7
v 9 0 0
v 10 0 -1
v 9 0 -1
v 10 0 0
v 9 0 -1
v 10 0 -2
v 9 0 -2
v 10 0 -1
v -5 0 9
v -4 0 8
v -5 0 8
v -4 0 9
v -5 0 10
v -4 0 9
v -5 0 9
v -4 0 10
v 10 0 -3
v 11 0 -4
v 10 0 -4
v 11 0 -3
v 9 0 -4
v 10 0 -5
v 9 0 -5
v 10 0 -4
v 11 0 -2
v 12 0 -3
v 11 0 -3
v 12 0 -2
v 10 0 -1
v 11 0 -2
v 10 0 -2
v 11 0 -1
v 11 0 -3
v 12 0 -4
v 11 0 -4
v 12 0 -3
v 12 0 16
v 11 -0.5 17
v 12 -0.5 17
v 11 0 16
v 5 0 -7
v 6 0 -8
v 5 0 -8
v 6 0 -7
v 2 0 -6
v 3 0 -7
v 2 0 -7
v 3 0 -6
v 8 0 -3
v 9 0 -4
v 8 0 -4
v 9 0 -3
v 8 0 -2
v 9 0 -3
v 8 0 -3
v 9 0 -2
v 10 0 0
v 11 0 -1
v 10 0 -1
v 11 0 0
v 10 0 -2
v 11 0 -3
v 10 0 -3
v 11 0 -2
v 9 0 -3
v 10 0 -4
v 9 0 -4
v 10 0 -3
v 14 0 16
v 13 -0.5 17
v 14 -0.5 17
v 13 0 16
v 13 0 16
v 12 -0.5 17
v 13 -0.5 17
v 12 0 16
v 3 0 -6
v 4 0 -7
v 3 0 -7
v 4 0 -6
v 1 0 -6
v 2 0 -7
v 1 0 -7
v 2 0 -6
v 11 0 -1
v 12 0 -2
v 11 0 -2
v 12 0 -1
v 8 0 -1
v 9 0 -2
v 8 0 -2
v 9 0 -1
v 8 0 0
v 9 0 -1
v 8 0 -1
v 9 0 0
v 15 0 16
v 14 -0.5 17
v 15 -0.5 17
v 14 0 16
v 15 0 12
v 16 -0.5 13
v 16 -0.5 12
v 15 0 13
v 4 0 -7
v 5 0 -8
v 4 0 -8
v 5 0 -7
v 5 0 -6
v 6 0 -7
v 5 0 -7
v 6 0 -6
v 2 0 -5
v 3 0 -6
v 2 0 -6
v 3 0 -5
v 3 0 -5
v 4 0 -6
v 3 0 -6
v 4 0 -5
v 4 0 -6
v 5 0 -7
v 4 0 -7
v 5 0 -6
v 4 0 -5
v 5 0 -6
v 4 0 -6
v 5 0 -5
v 5 0 -5
v 6 0 -6
v 5 0 -6
v 6 0 -5
v 3 0 -7
v 4 0 -8
v 3 0 -8
v 4 0 -7
v 1 0 -7
v 2 0 -8
v 1 0 -8
v 2 0 -7
v 6 0 -6
v 7 0 -7
v 6 0 -7
v 7 0 -6
v 6 0 -5
v 7 0 -6
v 6 0 -6
v 7 0 -5
v 4 0 -9
v 5 0 -10
v 4 0 -10
v 5 0 -9
v -6 0 8
v -5 0 7
v -6 0 7
v -5 0 8
v -6 0 11
v -5 0 10
v -6 0 10
v -5 0 11
v -7 0 9
v -6 0 8
v -7 0 8
v -6 0 9
v -8 0 11
v -7 0 10
v -8 0 10
v -7 0 11
v -6 0 10
v -5 0 9
v -6 0 9
v -5 0 10
v -5 0 8
v -4 0 7
v -5 0 7
v -4 0 8
v -8 0 10
v -7 0 9
v -8 0 9
v -7 0 10
v -7 0 11
v -6 0 10
v -7 0 10
v -6 0 11
v -7 0 10
v -6 0 9
v -7 0 9
v -6 0 10
v -8 0 9
v -7 0 8
v -8 0 8
v -7 0 9
v -8 0 8
v -7 0 7
v -8 0 7
v -7 0 8
v -6 0 9
v -5 0 8
v -6 0 8
v -5 0 9
v -7 0 8
v -6 0 7
v -7 0 7
v -6 0 8
v 11 0 -4
v 12 0 -5
v 11 0 -5
v 12 0 -4
v 11 0 0
v 12 0 -1
v 11 0 -1
v 12 0 0
v 10 0 -4
v 11 0 -5
v 10 0 -5
v 11 0 -4
v 13.5 2 1
v 13.5 2 1
v 13 0 1.5
v 13 0 0.5
v 8 0 -4
v 9 0 -5
v 8 0 -5
v 9 0 -4
v 9 0 -2
v 10 0 -3
v 9 0 -3
v 10 0 -2
v 1 0 -5
v 2 0 -6
v 1 0 -6
v 2 0 -5
v 15 0 14
v 16 -0.5 15
v 16 -0.5 14
v 15 0 15
v 15 0 15
v 16 -0.5 16
v 16 -0.5 15
v 15 0 16
v -9 0 11
v -8 0 10
v -9 0 10
v -8 0 11
v 15 0 13
v 16 -0.5 14
v 16 -0.5 13
v 15 0 14
v 15 0 16
v 15 0 16
v 16 -0.5 17
v 15 -0.5 17
v 9 0 -6
v 10 0 -7
v 9 0 -7
v 10 0 -6
v -5 0 11
v -4 0 10
v -5 0 10
v -4 0 11
v 13 0 -1.5
v 12.5 2 -2
v 12.5 2 -2
v 13 0 -2.5
v 12.5 2 -2
v 12.5 2 -2
v 12 0 -2.5
v 13 0 -2.5
v 12 0 -1.5
v 12.5 2 -2
v 12.5 2 -2
v 13 0 -1.5
v 12.5 2 -2
v 12.5 2 -2
v 12 0 -1.5
v 12 0 -2.5
v 14 0 1.5
v 13.5 2 1
v 13.5 2 1
v 14 0 0.5
v 13.5 2 1
v 13.5 2 1
v 13 0 0.5
v 14 0 0.5
v 13 0 1.5
v 13.5 2 1
v 13.5 2 1
v 14 0 1.5
v 2 0 -7
v 3 0 -8
v 2 0 -8
v 3 0 -7
v 9 0 -11
v 10 0 -12
v 9 0 -12
v 10 0 -11
v 9 0 -12
v 10 0 -13
v 9 0 -13
v 10 0 -12
v 8 0 -12
v 9 0 -13
v 8 0 -13
v 9 0 -12
v 8 0 -11
v 9 0 -12
v 8 0 -12
v 9 0 -11
v 8 0 -10
v 9 0 -11
v 8 0 -11
v 9 0 -10
v 8 0 -9
v 9 0 -10
v 8 0 -10
v 9 0 -9
v 9 0 -9
v 10 0 -10
v 9 0 -10
v 10 0 -9
v -4 0 -7.5
v -4.5 2 -8
v -4.5 2 -8
v -4 0 -8.5
v -4.5 2 -8
v -4.5 2 -8
v -5 0 -7.5
v -5 0 -8.5
v -4.5 2 -8
v -4.5 2 -8
v -5 0 -8.5
v -4 0 -8.5
v -5 0 -7.5
v -4.5 2 -8
v -4.5 2 -8
v -4 0 -7.5
v -12.1875 0.5555555820465088 -11.6875
v -12.5 1.4444444179534912 -12
v -12.5 1.4444444179534912 -12
v -12.1875 0.5555555820465088 -12.3125
v -12.5 1.4444444179534912 -12
v -12.5 1.4444444179534912 -12
v -12.8125 0.5555555820465088 -11.6875
v -12.8125 0.5555555820465088 -12.3125
v -12.5 1.4444444179534912 -12
v -12.5 1.4444444179534912 -12
v -12.8125 0.5555555820465088 -12.3125
v -12.1875 0.5555555820465088 -12.3125
v -12.8125 0.5555555820465088 -11.6875
v -12.5 1.4444444179534912 -12
v -12.5 1.4444444179534912 -12
v -12.1875 0.5555555820465088 -11.6875
v -3.1875 0.5555555820465088 -6.4375
v -3.5 1.4444444179534912 -6.75
v -3.5 1.4444444179534912 -6.75
v -3.1875 0.5555555820465088 -7.0625
v -3.5 1.4444444179534912 -6.75
v -3.5 1.4444444179534912 -6.75
v -3.8125 0.5555555820465088 -6.4375
v -3.8125 0.5555555820465088 -7.0625
v -3.5 1.4444444179534912 -6.75
v -3.5 1.4444444179534912 -6.75
v -3.8125 0.5555555820465088 -7.0625
v -3.1875 0.5555555820465088 -7.0625
v -3.8125 0.5555555820465088 -6.4375
v -3.5 1.4444444179534912 -6.75
v -3.5 1.4444444179534912 -6.75
v -3.1875 0.5555555820465088 -6.4375
v -10.4375 0.5555555820465088 9.5625
v -10.75 1.4444444179534912 9.25
v -10.75 1.4444444179534912 9.25
v -10.4375 0.5555555820465088 8.9375
v -10.75 1.4444444179534912 9.25
v -10.75 1.4444444179534912 9.25
v -11.0625 0.5555555820465088 9.5625
v -11.0625 0.5555555820465088 8.9375
v -10.75 1.4444444179534912 9.25
v -10.75 1.4444444179534912 9.25
v -11.0625 0.5555555820465088 8.9375
v -10.4375 0.5555555820465088 8.9375
v -11.0625 0.5555555820465088 9.5625
v -10.75 1.4444444179534912 9.25
v -10.75 1.4444444179534912 9.25
v -10.4375 0.5555555820465088 9.5625
v -4.5 2 12.5
v -4.5 2 12.5
v -5 0 12
v -4 0 12
v -5 0 13
v -4.5 2 12.5
v -4.5 2 12.5
v -4 0 13
v -4 0 13
v -4.5 2 12.5
v -4.5 2 12.5
v -4 0 12
v -4.5 2 12.5
v -4.5 2 12.5
v -5 0 13
v -5 0 12
v -12.75 2 13.75
v -12.75 2 13.75
v -13.25 0 13.25
v -12.25 0 13.25
v -12.75 2 13.75
v -12.75 2 13.75
v -13.25 0 14.25
v -13.25 0 13.25
v -12.25 0 14.25
v -12.75 2 13.75
v -12.75 2 13.75
v -12.25 0 13.25
v -13.25 0 14.25
v -12.75 2 13.75
v -12.75 2 13.75
v -12.25 0 14.25
v -1 0 4
v 0 0 5
v 0 0 5
v -1 0 5
v 7 0 4
v 8 0 5
v 8 0 4
v 8 0 5
v 9 1 13
v 10 2 13
v 9 2 13
v 10 1 13
v -3 0 3
v -2 0 2
v -3 0 2
v -2 0 3
v -3 0 1
v -2 0 0
v -3 0 0
v -2 0 1
v -3 0 13
v -2 0 12
v -3 0 12
v -2 0 13
v -10 0 8
v -9 0 7
v -10 0 7
v -9 0 8
v -14 0 8
v -13 -1 7
v -14 0 7
v -13 -1 8
v -11 0 -5
v -10 -1 -6
v -11 -1 -6
v -10 0 -5
v -3 0 -7
v -2 0 -8
v -3 0 -8
v -2 0 -7
v -1 0 16
v 0 0 15
v -1 0 15
v 0 0 16
v 4 0 7
v 5 0 6
v 4 0 6
v 5 0 7
v 4 0 8
v 5 0 7
v 4 0 7
v 5 0 8
v 4 0 9
v 5 0 8
v 4 0 8
v 5 0 9
v 6 0 7
v 7 0 6
v 6 0 6
v 7 0 7
v 6 0 9
v 7 0 8
v 6 0 8
v 7 0 9
v -3 0 -16
v -2 -0.5 -17
v -3 -0.5 -17
v -2 0 -16
v 6 0 8
v 7 0 7
v 6 0 7
v 7 0 8
v 5 0 8
v 6 0 7
v 5 0 7
v 6 0 8
v 7 0 7
v 8 0 6
v 7 0 6
v 8 0 7
v 5 0 7
v 6 0 6
v 5 0 6
v 6 0 7
v 5 0 5
v 6 0 4
v 5 0 4
v 6 0 5
v -2 0 -16
v -1 -0.5 -17
v -2 -0.5 -17
v -1 0 -16
v -1 0 -16
v 0 -0.5 -17
v -1 -0.5 -17
v 0 0 -16
v 5 0 6
v 6 0 5
v 5 0 5
v 6 0 6
v 6 3 -15
v 5 4 -15
v 6 4 -15
v 5 3 -15
v 9.768072128295898 0 -10.290613174438477
v 9.268072128295898 1 -9.424588203430176
v 9.768072128295898 1 -10.290613174438477
v 9.268072128295898 0.25 -9.424588203430176
v 8.768072128295898 0 -8.558562278747559
v 8.484578132629395 1 -7.5675368309021
v 8.984578132629395 1 -8.433562278747559
v 8.051565170288086 0 -7.8175368309021
v 10.268072128295898 0 -11.156639099121094
v 9.768072128295898 1 -10.290613174438477
v 10.393072128295898 1 -11.37314510345459
v 9.768072128295898 0 -10.290613174438477
v 9.268072128295898 0.25 -9.424588203430176
v 8.984578132629395 1 -8.433562278747559
v 9.268072128295898 1 -9.424588203430176
v 8.768072128295898 0 -8.558562278747559
v -12 0 -11
v -11 -1 -10
v -11 -1 -10
v -12 0 -10
v 10.917591094970703 0 -10.781639099121094
v 10.393072128295898 1 -11.37314510345459
v 11.292591094970703 1 -11.431158065795898
v 10.268072128295898 0 -11.156639099121094
v -3 0 0
v -2 0 -1
v -3 0 -1
v -2 0 0
v -3 0 2
v -2 0 1
v -3 0 1
v -2 0 2
v -11 -1 -9
v -10 -1 -10
v -11 -1 -10
v -10 -1 -9
v -3 0 -10
v -2 0 -11
v -3 0 -11
v -2 0 -10
v -3 0 -9
v -2 0 -10
v -3 0 -10
v -2 0 -9
v -3 0 -8
v -2 0 -9
v -3 0 -9
v -2 0 -8
v -3 0 -5
v -2 0 -6
v -3 0 -6
v -2 0 -5
v -3 0 -4
v -2 0 -5
v -3 0 -5
v -2 0 -4
v -3 0 -3
v -2 0 -4
v -3 0 -4
v -2 0 -3
v -3 0 -2
v -2 0 -3
v -3 0 -3
v -2 0 -2
v -3 0 -1
v -2 0 -2
v -3 0 -2
v -2 0 -1
v -6 0 -5
v -7 -1 -6
v -7 -1 -6
v -6 0 -6
v -7 -1 -6
v -6 0 -7
v -7 -1 -7
v -6 0 -6
v -10 -1 -7
v -9 -1 -8
v -10 -1 -8
v -9 -1 -7
v -3 0 12
v -2 0 11
v -3 0 11
v -2 0 12
v -3 0 10
v -2 0 9
v -3 0 9
v -2 0 10
v -3 0 8
v -2 0 7
v -3 0 7
v -2 0 8
v -3 0 6
v -2 0 5
v -3 0 5
v -2 0 6
v -3 0 5
v -2 0 4
v -3 0 4
v -2 0 5
v 5 3 -15
v 5 4 -14
v 5 4 -15
v 5 3 -14
v -3 0 7
v -2 0 6
v -3 0 6
v -2 0 7
v -3 0 -6
v -2 0 -7
v -3 0 -7
v -2 0 -6
v -3 0 11
v -2 0 10
v -3 0 10
v -2 0 11
v -10 0 11
v -9 1 11
v -10 1 11
v -9 0 11
v -10 0 7
v -9 0 6
v -10 0 6
v -9 0 7
v -3 0 9
v -2 0 8
v -3 0 8
v -2 0 9
v -12 0 5
v -13 0 6
v -12 0 5
v -12 0 6
v 6 2 -15
v 5 3 -15
v 6 3 -15
v 5 2 -15
v 6 1 -15
v 5 2 -15
v 6 2 -15
v 5 1 -15
v -2 0 -15
v -1 0 -16
v -2 0 -16
v -1 0 -15
v 5 2 -15
v 5 3 -14
v 5 3 -15
v 5 2 -14
v -2 0 16
v -1 0 15
v -2 0 15
v -1 0 16
v -1 0 3
v 0 0 2
v 0 0 2
v 0 0 3
v -1 0 -15
v 0 0 -16
v -1 0 -16
v 0 0 -15
v 9.70108413696289 0 -9.174588203430176
v 10.20108413696289 1 -10.040613174438477
v 9.917591094970703 1 -9.049588203430176
v 10.20108413696289 0 -10.040613174438477
v 10.20108413696289 0 -10.040613174438477
v 11.292591094970703 1 -11.431158065795898
v 10.20108413696289 1 -10.040613174438477
v 10.917591094970703 0 -10.781639099121094
v -2 0 -11
v -1 0 -12
v -2 0 -12
v -1 0 -11
v -1 0 -12
v 0 0 -13
v -1 0 -13
v 0 0 -12
v -2 0 -12
v -1 0 -13
v -2 0 -13
v -1 0 -12
v -3 0 -12
v -2 0 -13
v -3 0 -13
v -2 0 -12
v -2 0 -13
v -1 0 -14
v -2 0 -14
v -1 0 -13
v -3 0 -13
v -2 0 -14
v -3 0 -14
v -2 0 -13
v -1 0 -13
v 0 0 -14
v -1 0 -14
v 0 0 -13
v -1 0 -14
v 0 0 -15
v -1 0 -15
v 0 0 -14
v -2 0 -14
v -1 0 -15
v -2 0 -15
v -1 0 -14
v -3 0 -14
v -2 0 -15
v -3 0 -15
v -2 0 -14
v -3 0 -11
v -2 0 -12
v -3 0 -12
v -2 0 -11
v -3 0 -15
v -2 0 -16
v -3 0 -16
v -2 0 -15
v -10 -1 -6
v -9 -1 -7
v -10 -1 -7
v -9 -1 -6
v -1 0 15
v 0 0 14
v -1 0 14
v 0 0 15
v -2 0 15
v -1 0 14
v -2 0 14
v -1 0 15
v -3 -0.5 17
v -2 0 16
v -3 0 16
v -2 -0.5 17
v -3 0 16
v -2 0 15
v -3 0 15
v -2 0 16
v -1 0 13
v 0 0 12
v -1 0 12
v 0 0 13
v 5 0 9
v 6 0 8
v 5 0 8
v 6 0 9
v -3 0 14
v -2 0 13
v -3 0 13
v -2 0 14
v -14 0 7
v -13 0 6
v -14 0 6
v -13 -1 7
v -12 -1 8
v -11 1 8
v -12 1 8
v -11 0 8
v -12 1 8
v -13 2 8
v -12 2 8
v -13 1 8
v -12 -1 7
v -12 1 8
v -12 1 7
v -12 -1 8
v -13 -1 8
v -12 -1 7
v -13 -1 7
v -12 -1 8
v -12 -1 7
v -11 0 6
v -12 0 6
v -11 0 7
v -11 0 9
v -10 0 8
v -11 0 8
v -10 0 9
v -3 0 15
v -2 0 14
v -3 0 14
v -2 0 15
v -2 0 13
v -1 0 12
v -2 0 12
v -1 0 13
v -2 0 14
v -1 0 13
v -2 0 13
v -1 0 14
v -1 0 14
v 0 0 13
v -1 0 13
v 0 0 14
v -1 0 12
v 0 0 11
v -1 0 11
v 0 0 12
v -8 0 -5
v -7 -1 -6
v -8 -1 -6
v -7 0 -5
v -9 -1 -8
v -8 -1 -9
v -9 -1 -9
v -8 -1 -8
v -12 0 -6
v -11 -1 -7
v -12 0 -7
v -11 -1 -6
v -12 0 -7
v -11 -1 -8
v -12 0 -8
v -11 -1 -7
v -12 0 -8
v -11 -1 -9
v -12 0 -9
v -11 -1 -8
v -6 0 -11
v -7 -1 -10
v -6 0 -10
v -6 0 -11
v -5 1 -2
v -5 2 -1
v -5 2 -2
v -5 1 -1
v -5 1 0
v -5 2 1
v -5 2 0
v -5 1 1
v -5 1 1
v -5 2 2
v -5 2 1
v -5 1 2
v -8 1 5
v -9 2 5
v -8 2 5
v -9 1 5
v -7 -1 -7
v -6 0 -8
v -7 -1 -8
v -6 0 -7
v -7 -1 -9
v -6 0 -10
v -7 -1 -10
v -6 0 -9
v -11 -1 -8
v -10 -1 -9
v -11 -1 -9
v -10 -1 -8
v -10 -1 -6
v -9 -1 -7
v -10 -1 -7
v -9 -1 -6
v -7 1 5
v -8 2 5
v -7 2 5
v -8 1 5
v -11 -1 -7
v -10 -1 -8
v -11 -1 -8
v -10 -1 -7
v -5 1 -1
v -5 2 0
v -5 2 -1
v -5 1 0
v -9 -1 -6
v -8 -1 -7
v -9 -1 -7
v -8 -1 -6
v -8 -1 -6
v -7 -1 -7
v -8 -1 -7
v -7 -1 -6
v -5 1 2
v -5 2 3
v -5 2 2
v -5 1 3
v -7 -1 -8
v -6 0 -9
v -7 -1 -9
v -6 0 -8
v -8 -1 -10
v -7 0 -11
v -8 0 -11
v -7 -1 -10
v -11 -1 -6
v -10 -1 -7
v -11 -1 -7
v -10 -1 -6
v -6 1 5
v -7 2 5
v -6 2 5
v -7 1 5
v -11 -1 -10
v -10 0 -11
v -11 0 -11
v -10 -1 -10
v -12 0 -9
v -11 -1 -10
v -12 0 -10
v -11 -1 -9
v -5 1 5
v -6 2 5
v -5 2 5
v -6 1 5
v 5 1 -14
v 6 2 -14
v 5 2 -14
v 6 1 -14
v -10 -1 -10
v -9 0 -11
v -10 0 -11
v -9 -1 -10
v -9 -1 -10
v -8 0 -11
v -9 0 -11
v -8 -1 -10
v -6 0 -11
v -7 -1 -10
v -7 -1 -10
v -7 0 -11
v -5 1 2
v -4 0 1
v -5 1 1
v -4 0 2
v -6 1 2
v -5 1 1
v -6 1 1
v -5 1 2
v -6 1 1
v -5 1 0
v -6 1 0
v -5 1 1
v -5 1 1
v -4 0 0
v -5 1 0
v -4 0 1
v 2 2 11
v 2 3 12
v 2 3 11
v 2 2 12
v -11 0 8
v -10 0 7
v -11 0 7
v -10 0 8
v -2 -0.5 17
v -1 0 16
v -2 0 16
v -1 -0.5 17
v -1 -0.5 17
v 0 0 16
v -1 0 16
v 0 -0.5 17
v -3 0 4
v -2 0 3
v -3 0 3
v -2 0 4
v -6 1 0
v -5 1 -1
v -6 1 -1
v -5 1 0
v -5 1 0
v -4 0 -1
v -5 1 -1
v -4 0 0
v -10 0 0
v -10 1 -1
v -10 1 0
v -10 0 -1
v -9 1 -2
v -8 0 -3
v -9 0 -3
v -8 1 -2
v -8 1 -2
v -7 0 -3
v -8 0 -3
v -7 1 -2
v -7 1 -2
v -6 0 -3
v -7 0 -3
v -6 1 -2
v -6 1 -2
v -5 0 -3
v -6 0 -3
v -5 1 -2
v -6 1 -1
v -5 1 -2
v -6 1 -2
v -5 1 -1
v -5 1 -1
v -4 0 -2
v -5 1 -2
v -4 0 -1
v -12 1 1
v -12 2 2
v -12 2 1
v -12 1 2
v -13 1 -2
v -13 2 -1
v -13 2 -2
v -13 1 -1
v -13 0 2
v -13 1 1
v -13 1 2
v -13 0 1
v 5 1 -15
v 5 2 -14
v 5 2 -15
v 5 1 -14
v -10 0 -2
v -9 0 -3
v -10 0 -3
v -9 1 -2
v -5 1 4
v -4 0 3
v -5 1 3
v -4 0 4
v -6 0 6
v -5 1 5
v -6 1 5
v -5 0 6
v -5 1 3
v -4 0 2
v -5 1 2
v -4 0 3
v -5 1 -2
v -4 0 -3
v -5 0 -3
v -4 0 -2
v -5 0 6
v -4 0 5
v -5 1 5
v -4 0 6
v -6 1 3
v -5 1 2
v -6 1 2
v -5 1 3
v -8 0 6
v -7 1 5
v -8 1 5
v -7 0 6
v -7 0 6
v -6 1 5
v -7 1 5
v -6 0 6
v -6 1 5
v -5 1 4
v -6 1 4
v -5 1 5
v -6 1 4
v -5 1 3
v -6 1 3
v -5 1 4
v -9 0 6
v -8 1 5
v -9 1 5
v -8 0 6
v -10 0 6
v -9 1 5
v -10 0 5
v -9 0 6
v 6 1 -14
v 7 2 -14
v 6 2 -14
v 7 1 -14
v -7 0 -13
v -6 0 -14
v -7 0 -14
v -6 0 -13
v -7 0 -12
v -6 0 -13
v -7 0 -13
v -6 0 -12
v -6 0 -13
v -5 0 -14
v -6 0 -14
v -5 0 -13
v -9 0 -13
v -8 0 -14
v -9 0 -14
v -8 0 -13
v -8 0 -12
v -7 0 -13
v -8 0 -13
v -7 0 -12
v 5 0 -14
v 6 0 -15
v 5 0 -15
v 6 0 -14
v -8 0 -13
v -7 0 -14
v -8 0 -14
v -7 0 -13
v -7 0 -14
v -6 0 -15
v -7 0 -15
v -6 0 -14
v -12 -1 8
v -11 0 7
v -12 -1 7
v -11 0 8
v -14 0 2
v -13 0 1
v -14 0 1
v -13 0 2
v -14 0 9
v -13 -1 8
v -14 0 8
v -13 0 9
v -13 0 10
v -12 0 9
v -13 0 9
v -12 0 10
v -13 0 9
v -12 -1 8
v -13 -1 8
v -12 0 9
v -13 0 5
v -13 0 6
v -12 0 5
v -13 0 6
v -14 0 10
v -13 0 9
v -14 0 9
v -13 0 10
v -8 1 -14
v -8 2 -13
v -8 2 -14
v -8 1 -13
v -13 0 0
v -12 0 -1
v -13 0 -1
v -12 0 0
v -12 0 0
v -11 0 -1
v -12 0 -1
v -11 0 0
v -13 0 1
v -12 0 0
v -13 0 0
v -12 0 1
v -14 0 0
v -13 0 -1
v -14 0 -1
v -13 0 0
v -12 0 2
v -11 0 1
v -12 0 1
v -11 0 2
v -11 0 5
v -10 0 6
v -11 0 5
v -10 0 5
v 9 0 9
v 8 1 9
v 9 1 9
v 8 0 9
v 4 4 14
v 5 6 12
v 4 6 12
v 5 4 14
v 4 2 -1
v 3 3 -1
v 4 3 -1
v 3 2 -1
v 1 0 3
v 2 0 2
v 1 0 2
v 2 0 3
v 14 0 4
v 15 0 3
v 14 0 3
v 15 0 4
v 13 0 4
v 14 0 3
v 13 0 3
v 14 0 4
v 12 0 4
v 13 0 3
v 12 0 3
v 13 0 4
v -11 2 -1
v -12 3 -1
v -11 3 -1
v -12 2 -1
v 10 1 12
v 10 2 11
v 10 2 12
v 10 1 11
v -7 1 2
v -6 1 1
v -7 1 1
v -6 1 2
v -8 1 2
v -7 1 1
v -8 1 1
v -7 1 2
v -10 0 0
v -9 1 -1
v -10 0 -1
v -9 1 0
v -9 1 0
v -8 1 -1
v -9 1 -1
v -8 1 0
v -10 0 -1
v -9 1 -2
v -10 0 -2
v -9 1 -1
v -8 1 0
v -7 1 -1
v -8 1 -1
v -7 1 0
v -8 1 1
v -7 1 0
v -8 1 0
v -7 1 1
v -7 1 1
v -6 1 0
v -7 1 0
v -6 1 1
v 6 2 -14
v 7 3 -14
v 6 3 -14
v 7 2 -14
v -5 1 5
v -4 0 4
v -5 1 4
v -4 0 5
v -11 0 1
v -12 1 1
v -11 1 1
v -12 0 1
v -12 0 -1
v -12 1 -2
v -12 1 -1
v -12 0 -2
v -11 0 -1
v -12 1 -1
v -11 1 -1
v -12 0 -1
v 0 0 3
v 1 0 2
v 0 0 2
v 1 0 3
v 9 0 4
v 10 0 3
v 9 0 3
v 10 0 4
v 11 0 5
v 12 0 4
v 11 0 4
v 12 0 5
v -10 0 4
v -9 1 3
v -10 0 3
v -9 1 4
v 3 0 12
v 4 0 11
v 3 0 11
v 4 0 12
v 4 0 12
v 5 0 11
v 4 0 11
v 5 0 12
v 5 0 12
v 6 0 11
v 5 0 11
v 6 0 12
v 6 0 12
v 7 0 11
v 6 0 11
v 7 0 12
v 8 0 10
v 9 0 9
v 8 0 9
v 9 0 10
v 4 0 11
v 5 0 10
v 4 0 10
v 5 0 11
v 5 0 11
v 6 0 10
v 5 0 10
v 6 0 11
v 6 0 11
v 7 0 10
v 6 0 10
v 7 0 11
v 7 0 11
v 8 0 10
v 7 0 10
v 8 0 11
v 7 0 12
v 8 0 11
v 7 0 11
v 8 0 12
v 3 0 10
v 4 0 9
v 3 0 9
v 4 0 10
v 3 0 11
v 4 0 10
v 3 0 10
v 4 0 11
v 4 0 10
v 5 0 9
v 4 0 9
v 5 0 10
v 8 0 11
v 9 0 10
v 8 0 10
v 9 0 11
v 5 0 10
v 6 0 9
v 5 0 9
v 6 0 10
v 6 0 10
v 7 0 9
v 6 0 9
v 7 0 10
v 7 0 10
v 8 0 9
v 7 0 9
v 8 0 10
v 10 0 5
v 11 0 4
v 10 0 4
v 11 0 5
v 8 0 4
v 9 0 3
v 8 0 3
v 9 0 4
v 8 0 3
v 9 0 2
v 8 0 2
v 9 0 3
v 7 0 3
v 8 0 2
v 7 0 2
v 8 0 3
v 7 0 4
v 8 0 3
v 7 0 3
v 8 0 4
v 4 1 -1
v 3 2 -1
v 4 2 -1
v 3 1 -1
v 2 0 4
v 3 0 3
v 2 0 3
v 3 0 4
v 4 0 4
v 5 0 3
v 4 0 3
v 5 0 4
v 5 0 4
v 4 0 5
v 4 0 5
v 4 0 4
v 5 0 4
v 4 0 5
v 5 0 5
v 4 0 5
v 6 0 6
v 7 0 5
v 6 0 5
v 7 0 6
v 0 0 4
v 1 0 3
v 0 0 3
v 1 0 4
v 5 0 4
v 6 0 3
v 5 0 3
v 6 0 4
v 3 0 4
v 4 0 3
v 3 0 3
v 4 0 4
v 6 0 5
v 7 0 4
v 6 0 4
v 7 0 5
v 3 0 5
v 4 0 4
v 3 0 4
v 4 0 5
v 2 1 -2
v 3 1 -1
v 2 1 -1
v 3 1 -2
v 3 1 -1
v 4 2 -1
v 3 2 -1
v 4 1 -1
v 2 0 5
v 3 0 4
v 2 0 4
v 3 0 5
v 6 0 3
v 7 0 2
v 6 0 2
v 7 0 3
v 6 0 4
v 7 0 3
v 6 0 3
v 7 0 4
v 1 0 4
v 2 0 3
v 1 0 3
v 2 0 4
v 8 0 5
v 9 0 4
v 8 0 4
v 9 0 5
v 3 6 10
v 1 4 8
v 1 4 10
v 3 6 10
v 3 6 12
v 3 6 12
v 1 4 14
v 1 4 12
v 3 2 13
v 4 3 13
v 3 3 13
v 4 2 13
v 6 2 9
v 5 3 9
v 6 3 9
v 5 2 9
v 2 1 -1
v 3 1 0
v 2 1 0
v 3 1 -1
v 2 2 13
v 3 3 13
v 2 3 13
v 3 2 13
v -1 0 2
v 0 0 1
v -1 0 1
v 0 0 2
v 12 0 3
v 13 0 2
v 12 0 2
v 13 0 3
v 10 0 3
v 11 0 2
v 10 0 2
v 11 0 3
v -9 1 -1
v -8 1 -2
v -9 1 -2
v -8 1 -1
v -8 1 -1
v -7 1 -2
v -8 1 -2
v -7 1 -1
v -7 1 -1
v -6 1 -2
v -7 1 -2
v -6 1 -1
v -7 1 0
v -6 1 -1
v -7 1 -1
v -6 1 0
v -12 0 -2
v -13 1 -2
v -12 1 -2
v -13 0 -2
v -11 1 0
v -11 2 -1
v -11 2 0
v -11 1 -1
v -11 1 0
v -10 1 -1
v -11 1 -1
v -10 1 0
v -11 1 -1
v -12 2 -1
v -11 2 -1
v -12 1 -1
v -10 0 -1
v -11 1 -1
v -10 1 -1
v -11 0 -1
v -12 1 -2
v -13 2 -2
v -12 2 -2
v -13 1 -2
v -12 2 2
v -11 2 1
v -12 2 1
v -11 2 2
v -11 1 1
v -12 2 1
v -11 2 1
v -12 1 1
v -11 0 2
v -11 1 1
v -11 1 2
v -11 0 1
v -11 1 2
v -11 2 1
v -11 2 2
v -11 1 1
v -12 0 1
v -12 1 2
v -12 1 1
v -12 0 2
v -12 1 -1
v -12 2 -2
v -12 2 -1
v -12 1 -2
v -11 0 0
v -10 1 0
v -11 1 0
v -10 0 0
v -12 1 2
v -11 2 2
v -12 2 2
v -11 1 2
v -12 0 0
v -11 1 0
v -12 1 0
v -11 0 0
v 7 2 -15
v 6 3 -15
v 7 3 -15
v 6 2 -15
v 7 1 -14
v 7 2 -15
v 7 2 -14
v 7 1 -15
v 7 2 -14
v 7 3 -15
v 7 3 -14
v 7 2 -15
v -13 0 -2
v -13 1 -1
v -13 1 -2
v -13 0 -1
v -12 0 2
v -11 1 2
v -12 1 2
v -11 0 2
v 7 1 -15
v 6 2 -15
v 7 2 -15
v 6 1 -15
v -11 2 0
v -11 3 -1
v -11 3 0
v -11 2 -1
v -12 0 1
v -12 1 0
v -12 1 1
v -12 0 0
v 5 0 -15
v 5 1 -14
v 5 1 -15
v 5 0 -14
v -9 1 3
v -8 1 2
v -9 1 2
v -8 1 3
v -8 1 3
v -7 1 2
v -8 1 2
v -7 1 3
v -9 1 2
v -8 1 1
v -9 1 1
v -8 1 2
v -10 0 3
v -9 1 2
v -10 0 2
v -9 1 3
v -10 0 5
v -9 1 4
v -10 0 4
v -9 1 5
v -9 1 5
v -8 1 4
v -9 1 4
v -8 1 5
v -8 1 5
v -7 1 4
v -8 1 4
v -7 1 5
v -7 1 4
v -6 1 3
v -7 1 3
v -6 1 4
v -3 -1 8
v -3 0 7
v -3 0 8
v -3 -1 7
v -8 1 4
v -7 1 3
v -8 1 3
v -7 1 4
v -7 1 3
v -6 1 2
v -7 1 2
v -6 1 3
v -7 1 5
v -6 1 4
v -7 1 4
v -6 1 5
v -9 1 4
v -8 1 3
v -9 1 3
v -8 1 4
v -10 0 2
v -9 1 1
v -10 0 1
v -9 1 2
v -10 0 1
v -9 1 0
v -10 0 0
v -9 1 1
v -9 1 1
v -8 1 0
v -9 1 0
v -8 1 1
v 3 0 3
v 4 0 2
v 3 0 2
v 4 0 3
v 9 0 3
v 10 0 2
v 9 0 2
v 10 0 3
v 14 0 3
v 15 0 2
v 14 0 2
v 15 0 3
v 14 0 5
v 15 0 4
v 14 0 4
v 15 0 5
v 4 0 3
v 5 0 2
v 4 0 2
v 5 0 3
v 2 0 3
v 3 0 2
v 2 0 2
v 3 0 3
v 5 0 3
v 6 0 2
v 5 0 2
v 6 0 3
v 11 0 4
v 12 0 3
v 11 0 3
v 12 0 4
v 13 0 5
v 14 0 4
v 13 0 4
v 14 0 5
v 12 0 5
v 13 0 4
v 12 0 4
v 13 0 5
v 10 0 4
v 11 0 3
v 10 0 3
v 11 0 4
v 9 0 5
v 10 0 4
v 9 0 4
v 10 0 5
v -2 0 -6
v -1 0 -7
v -2 0 -7
v -1 0 -6
v 13 0 3
v 14 0 2
v 13 0 2
v 14 0 3
v -1 0 0
v 0 0 -1
v -1 0 -1
v 0 0 0
v -1 0 -1
v 0 0 -2
v -1 0 -2
v 0 0 -1
v -1 0 -2
v 0 0 -3
v -1 0 -3
v 0 0 -2
v -1 0 -3
v 0 0 -4
v -1 0 -4
v 0 0 -3
v -2 0 -5
v -1 0 -6
v -2 0 -6
v -1 0 -5
v -1 0 -5
v 0 0 -6
v -1 0 -6
v 0 0 -5
v -1 0 -6
v 0 0 -7
v -1 0 -7
v 0 0 -6
v -1 0 -9
v 0 0 -10
v -1 0 -10
v 0 0 -9
v -1 0 -10
v 0 0 -11
v -1 0 -11
v 0 0 -10
v -1 0 1
v 0 0 0
v -1 0 0
v 0 0 1
v 11 0 3
v 12 0 2
v 11 0 2
v 12 0 3
v 5 1 -15
v 5 2 -14
v 5 2 -15
v 5 1 -14
v -1 0 4
v 0 0 3
v -1 0 3
v 0 0 4
v -1 0 4
v 0 0 5
v 0 0 4
v 0 0 5
v -1 0 3
v 0 0 2
v -1 0 2
v 0 0 2
v -1 0 6
v 0 0 5
v -1 0 5
v 0 0 6
v -1 0 7
v 0 0 6
v -1 0 6
v 0 0 7
v -1 0 8
v 0 0 7
v -1 0 7
v 0 0 8
v -1 0 9
v 0 0 8
v -1 0 8
v 0 0 9
v -1 0 10
v 0 0 9
v -1 0 9
v 0 0 10
v -2 0 2
v -1 0 1
v -2 0 1
v -1 0 2
v -2 0 1
v -1 0 0
v -2 0 0
v -1 0 1
v -1 0 11
v 0 0 10
v -1 0 10
v 0 0 11
v -2 0 -10
v -1 0 -11
v -2 0 -11
v -1 0 -10
v -1 0 -4
v 0 0 -5
v -1 0 -5
v 0 0 -4
v -1 0 -11
v 0 0 -12
v -1 0 -12
v 0 0 -11
v -2 0 0
v -1 0 -1
v -2 0 -1
v -1 0 0
v -2 0 -1
v -1 0 -2
v -2 0 -2
v -1 0 -1
v -2 0 -2
v -1 0 -3
v -2 0 -3
v -1 0 -2
v -2 0 -3
v -1 0 -4
v -2 0 -4
v -1 0 -3
v -2 0 -4
v -1 0 -5
v -2 0 -5
v -1 0 -4
v -2 0 -7
v -1 0 -8
v -2 0 -8
v -1 0 -7
v -1 0 -8
v 0 0 -9
v -1 0 -9
v 0 0 -8
v -1 0 -7
v 0 0 -8
v -1 0 -8
v 0 0 -7
v -2 0 -8
v -1 0 -9
v -2 0 -9
v -1 0 -8
v -2 0 -9
v -1 0 -10
v -2 0 -10
v -1 0 -9
v -2 0 3
v -1 0 2
v -2 0 2
v -1 0 3
v -2 0 4
v -1 0 3
v -2 0 3
v -1 0 4
v -2 0 5
v -1 0 4
v -2 0 4
v -1 0 5
v -2 0 7
v -1 0 6
v -2 0 6
v -1 0 7
v -2 0 8
v -1 0 7
v -2 0 7
v -1 0 8
v -2 0 9
v -1 0 8
v -2 0 8
v -1 0 9
v -2 0 10
v -1 0 9
v -2 0 9
v -1 0 10
v -2 0 11
v -1 0 10
v -2 0 10
v -1 0 11
v -2 0 12
v -1 0 11
v -2 0 11
v -1 0 12
v -2 0 6
v -1 0 5
v -2 0 5
v -1 0 6
v 4 1 -1
v 5 2 -1
v 4 2 -1
v 5 1 -1
v -11 0 7
v -10 0 7
v -11 0 6
v -10 0 7
v 5 1 -1
v 6 2 -1
v 5 2 -1
v 6 1 -1
v 4 2 -1
v 5 3 -1
v 4 3 -1
v 5 2 -1
v 5 2 -1
v 6 3 -1
v 5 3 -1
v 6 2 -1
v 5 2 -1
v 4 3 -1
v 5 3 -1
v 4 2 -1
v 6 2 -1
v 5 3 -1
v 6 3 -1
v 5 2 -1
v 6 1 -1
v 5 2 -1
v 6 2 -1
v 5 1 -1
v 3 2 -1
v 2 3 -1
v 3 3 -1
v 2 2 -1
v -11 0 6
v -10 0 7
v -11 0 6
v -10 0 6
v 2 1 -3
v 3 1 -2
v 2 1 -2
v 3 1 -3
v 1 1 -3
v 2 1 -2
v 1 1 -2
v 2 1 -3
v -13 0 6
v -13 -1 7
v -12 0 6
v -13 -1 7
v -12 0 6
v -13 -1 7
v -12 0 6
v -12 -1 7
v -9 0 11
v -9 1 10
v -9 1 11
v -9 0 10
v -9 0 10
v -10 1 10
v -9 1 10
v -10 0 10
v -10 1 11
v -9 1 10
v -10 1 10
v -9 1 11
v 5 -5 -12
v 6 -4 -12
v 5 -4 -12
v 6 -5 -12
v 3 1 -1
v 2 2 -1
v 3 2 -1
v 2 1 -1
v 1 0 5
v 2 0 4
v 1 0 4
v 2 0 5
v 3 5 -1
v 4 5 -2
v 3 5 -2
v 4 5 -1
v 2 2 -1
v 2 3 -2
v 2 3 -1
v 2 2 -2
v 5 1 -1
v 4 2 -1
v 5 2 -1
v 4 1 -1
v 8 0 12
v 9 0 11
v 8 0 11
v 9 0 12
v 9 4 14
v 11 4 14
v 9 6 12
v 9 6 12
v 8 0 13
v 9 1 13
v 8 1 13
v 9 0 13
v 7 0 13
v 8 1 13
v 7 1 13
v 8 0 13
v 6 0 13
v 7 1 13
v 6 1 13
v 7 0 13
v 5 0 13
v 6 1 13
v 5 1 13
v 6 0 13
v 7 1 13
v 8 2 13
v 7 2 13
v 8 1 13
v 9 2 13
v 10 3 13
v 9 3 13
v 10 2 13
v 2 0 13
v 3 1 13
v 2 1 13
v 3 0 13
v 4 1 13
v 5 2 13
v 4 2 13
v 5 1 13
v 3 1 13
v 4 2 13
v 3 2 13
v 4 1 13
v 2 1 13
v 3 2 13
v 2 2 13
v 3 1 13
v 4 0 13
v 5 1 13
v 4 1 13
v 5 0 13
v 5 2 13
v 6 3 13
v 5 3 13
v 6 2 13
v 6 2 13
v 7 3 13
v 6 3 13
v 7 2 13
v 7 2 13
v 8 3 13
v 7 3 13
v 8 2 13
v 8 2 13
v 9 3 13
v 8 3 13
v 9 2 13
v 5 1 13
v 6 2 13
v 5 2 13
v 6 1 13
v 4 2 13
v 5 3 13
v 4 3 13
v 5 2 13
v 6 3 13
v 7 4 13
v 6 4 13
v 7 3 13
v 5 3 13
v 6 4 13
v 5 4 13
v 6 3 13
v 4 3 13
v 5 4 13
v 4 4 13
v 5 3 13
v 3 0 13
v 4 1 13
v 3 1 13
v 4 0 13
v 8 3 13
v 9 4 13
v 8 4 13
v 9 3 13
v 3 3 13
v 4 4 13
v 3 4 13
v 4 3 13
v 8 1 13
v 9 2 13
v 8 2 13
v 9 1 13
v 9 3 13
v 10 4 13
v 9 4 13
v 10 3 13
v 9 0 13
v 10 1 13
v 9 1 13
v 10 0 13
v 7 3 13
v 8 4 13
v 7 4 13
v 8 3 13
v 10 0 13
v 10 1 12
v 10 1 13
v 10 0 12
v 10 0 12
v 10 1 11
v 10 1 12
v 10 0 11
v 10 0 11
v 10 1 10
v 10 1 11
v 10 0 10
v 10 0 10
v 10 1 9
v 10 1 10
v 10 0 9
v 10 1 13
v 10 2 12
v 10 2 13
v 10 1 12
v 7 0 -15
v 6 1 -15
v 7 1 -15
v 6 0 -15
v 2 0 10
v 2 1 11
v 2 1 10
v 2 0 11
v 10 1 10
v 10 2 9
v 10 2 10
v 10 1 9
v 10 2 13
v 10 3 12
v 10 3 13
v 10 2 12
v 2 0 9
v 2 1 10
v 2 1 9
v 2 0 10
v 2 1 9
v 2 2 10
v 2 2 9
v 2 1 10
v 10 2 10
v 10 3 9
v 10 3 10
v 10 2 9
v 10 3 13
v 10 4 12
v 10 4 13
v 10 3 12
v 10 3 12
v 10 4 11
v 10 4 12
v 10 3 11
v 10 3 11
v 10 4 10
v 10 4 11
v 10 3 10
v 10 3 10
v 10 4 9
v 10 4 10
v 10 3 9
v 10 0 9
v 9 1 9
v 10 1 9
v 9 0 9
v 10 1 9
v 9 2 9
v 10 2 9
v 9 1 9
v 10 2 9
v 9 3 9
v 10 3 9
v 9 2 9
v 10 3 9
v 9 4 9
v 10 4 9
v 9 3 9
v 9 0 9
v 9 1 10
v 9 1 9
v 9 0 10
v 9 0 10
v 9 1 11
v 9 1 10
v 9 0 11
v 9 0 11
v 9 1 12
v 9 1 11
v 9 0 12
v 9 1 9
v 9 2 10
v 9 2 9
v 9 1 10
v 9 1 10
v 9 2 11
v 9 2 10
v 9 1 11
v 9 1 11
v 9 2 12
v 9 2 11
v 9 1 12
v 9 2 9
v 9 3 10
v 9 3 9
v 9 2 10
v 9 2 10
v 9 3 11
v 9 3 10
v 9 2 11
v 9 2 11
v 9 3 12
v 9 3 11
v 9 2 12
v 9 3 9
v 9 4 10
v 9 4 9
v 9 3 10
v 9 3 10
v 9 4 11
v 9 4 10
v 9 3 11
v 9 3 11
v 9 4 12
v 9 4 11
v 9 3 12
v 9 4 10
v 10 4 9
v 9 4 9
v 10 4 10
v 9 4 11
v 10 4 10
v 9 4 10
v 10 4 11
v 9 4 12
v 10 4 11
v 9 4 11
v 10 4 12
v 9 4 13
v 10 4 12
v 9 4 12
v 10 4 13
v 8 4 13
v 9 4 12
v 8 4 12
v 9 4 13
v 7 4 13
v 8 4 12
v 7 4 12
v 8 4 13
v 6 4 13
v 7 4 12
v 6 4 12
v 7 4 13
v 5 4 13
v 6 4 12
v 5 4 12
v 6 4 13
v 4 4 13
v 5 4 12
v 4 4 12
v 5 4 13
v 3 4 13
v 4 4 12
v 3 4 12
v 4 4 13
v 2 4 13
v 3 4 12
v 2 4 12
v 3 4 13
v 9 3 12
v 8 4 12
v 9 4 12
v 8 3 12
v 9 2 12
v 8 3 12
v 9 3 12
v 8 2 12
v 9 1 12
v 8 2 12
v 9 2 12
v 8 1 12
v 9 0 12
v 8 1 12
v 9 1 12
v 8 0 12
v 8 3 12
v 7 4 12
v 8 4 12
v 7 3 12
v 8 2 12
v 7 3 12
v 8 3 12
v 7 2 12
v 8 1 12
v 7 2 12
v 8 2 12
v 7 1 12
v 8 0 12
v 7 1 12
v 8 1 12
v 7 0 12
v 7 3 12
v 6 4 12
v 7 4 12
v 6 3 12
v 7 2 12
v 6 3 12
v 7 3 12
v 6 2 12
v 7 1 12
v 6 2 12
v 7 2 12
v 6 1 12
v 7 0 12
v 6 1 12
v 7 1 12
v 6 0 12
v 6 3 12
v 5 4 12
v 6 4 12
v 5 3 12
v 6 2 12
v 5 3 12
v 6 3 12
v 5 2 12
v 6 1 12
v 5 2 12
v 6 2 12
v 5 1 12
v 6 0 12
v 5 1 12
v 6 1 12
v 5 0 12
v 5 3 12
v 4 4 12
v 5 4 12
v 4 3 12
v 5 2 12
v 4 3 12
v 5 3 12
v 4 2 12
v 5 1 12
v 4 2 12
v 5 2 12
v 4 1 12
v 5 0 12
v 4 1 12
v 5 1 12
v 4 0 12
v 4 3 12
v 3 4 12
v 4 4 12
v 3 3 12
v 4 2 12
v 3 3 12
v 4 3 12
v 3 2 12
v 4 1 12
v 3 2 12
v 4 2 12
v 3 1 12
v 4 0 12
v 3 1 12
v 4 1 12
v 3 0 12
v 2 4 12
v 3 4 11
v 2 4 11
v 3 4 12
v 2 4 11
v 3 4 10
v 2 4 10
v 3 4 11
v 2 4 10
v 3 4 9
v 2 4 9
v 3 4 10
v 3 3 12
v 3 4 11
v 3 4 12
v 3 3 11
v 3 3 11
v 3 4 10
v 3 4 11
v 3 3 10
v 3 3 10
v 3 4 9
v 3 4 10
v 3 3 9
v 3 2 12
v 3 3 11
v 3 3 12
v 3 2 11
v 3 2 11
v 3 3 10
v 3 3 11
v 3 2 10
v 3 2 10
v 3 3 9
v 3 3 10
v 3 2 9
v 3 1 12
v 3 2 11
v 3 2 12
v 3 1 11
v 3 1 11
v 3 2 10
v 3 2 11
v 3 1 10
v 3 1 10
v 3 2 9
v 3 2 10
v 3 1 9
v 3 0 12
v 3 1 11
v 3 1 12
v 3 0 11
v 3 0 11
v 3 1 10
v 3 1 11
v 3 0 10
v 3 0 10
v 3 1 9
v 3 1 10
v 3 0 9
v 3 3 9
v 2 4 9
v 3 4 9
v 2 3 9
v 3 2 9
v 2 3 9
v 3 3 9
v 2 2 9
v 3 1 9
v 2 2 9
v 3 2 9
v 2 1 9
v 3 0 9
v 2 1 9
v 3 1 9
v 2 0 9
v 2 3 13
v 3 4 13
v 2 4 13
v 3 3 13
v 10 1 11
v 10 2 10
v 10 2 11
v 10 1 10
v 10 2 11
v 10 3 10
v 10 3 11
v 10 2 10
v -10 0 10
v -10 1 11
v -10 1 10
v -10 0 11
v 1 0 0
v 2 1 0
v 1 1 0
v 2 0 0
v 2 0 0
v 3 1 0
v 2 1 0
v 3 0 0
v 3 0 0
v 4 1 0
v 3 1 0
v 4 0 0
v 4 0 0
v 5 1 0
v 4 1 0
v 5 0 0
v 7 0 0
v 7 1 -1
v 7 1 0
v 7 0 -1
v 7 0 -1
v 7 1 -2
v 7 1 -1
v 7 0 -2
v 7 0 -2
v 7 1 -3
v 7 1 -2
v 7 0 -3
v 5 0 -4
v 4 1 -4
v 5 1 -4
v 4 0 -4
v 4 0 -4
v 3 1 -4
v 4 1 -4
v 3 0 -4
v 3 0 -4
v 2 1 -4
v 3 1 -4
v 2 0 -4
v 2 0 -4
v 1 1 -4
v 2 1 -4
v 1 0 -4
v 1 0 -3
v 1 1 -2
v 1 1 -3
v 1 0 -2
v 1 0 -2
v 1 1 -1
v 1 1 -2
v 1 0 -1
v 1 0 -1
v 1 1 0
v 1 1 -1
v 1 0 0
v 1 1 -2
v 2 1 -3
v 1 1 -3
v 2 1 -2
v 2 1 -2
v 3 1 -3
v 2 1 -3
v 3 1 -2
v 3 1 -2
v 4 1 -3
v 3 1 -3
v 4 1 -2
v 4 1 -2
v 5 1 -3
v 4 1 -3
v 5 1 -2
v 4 1 -1
v 5 1 -2
v 4 1 -2
v 5 1 -1
v 3 1 -1
v 4 1 -2
v 3 1 -2
v 4 1 -1
v 2 1 -1
v 3 1 -2
v 2 1 -2
v 3 1 -1
v 1 1 -1
v 2 1 -2
v 1 1 -2
v 2 1 -1
v 4 1 0
v 5 1 -1
v 4 1 -1
v 5 1 0
v 3 1 0
v 4 1 -1
v 3 1 -1
v 4 1 0
v 2 1 0
v 3 1 -1
v 2 1 -1
v 3 1 0
v 1 1 0
v 2 1 -1
v 1 1 -1
v 2 1 0
v 2 2 -2
v 2 3 -1
v 2 3 -2
v 2 2 -1
v 2 1 -3
v 2 2 -2
v 2 2 -3
v 2 1 -2
v 2 2 -3
v 2 3 -2
v 2 3 -3
v 2 2 -2
v 2 1 -2
v 2 2 -1
v 2 2 -2
v 2 1 -1
v 2 1 -1
v 3 2 -1
v 2 2 -1
v 3 1 -1
v 2 2 -1
v 3 3 -1
v 2 3 -1
v 3 2 -1
v 3 2 -1
v 4 3 -1
v 3 3 -1
v 4 2 -1
v 5 1 0
v 6 1 -1
v 5 1 -1
v 6 1 0
v 5 1 -1
v 6 1 -2
v 5 1 -2
v 6 1 -1
v 5 1 -2
v 6 1 -3
v 5 1 -3
v 6 1 -2
v 6 1 0
v 7 1 -1
v 6 1 -1
v 7 1 0
v 6 1 -1
v 7 1 -2
v 6 1 -2
v 7 1 -1
v 6 1 -2
v 7 1 -3
v 6 1 -3
v 7 1 -2
v 6 1 -3
v 7 1 -4
v 6 1 -4
v 7 1 -3
v 1 1 -3
v 2 1 -4
v 1 1 -4
v 2 1 -3
v 2 1 -3
v 3 1 -4
v 2 1 -4
v 3 1 -3
v 3 1 -3
v 4 1 -4
v 3 1 -4
v 4 1 -3
v 4 1 -3
v 5 1 -4
v 4 1 -4
v 5 1 -3
v 5 1 -3
v 6 1 -4
v 5 1 -4
v 6 1 -3
v 7 0 -3
v 7 1 -4
v 7 1 -3
v 7 0 -4
v 7 0 -4
v 6 1 -4
v 7 1 -4
v 6 0 -4
v 6 0 -4
v 5 1 -4
v 6 1 -4
v 5 0 -4
v 5 0 0
v 6 1 0
v 5 1 0
v 6 0 0
v 6 0 0
v 7 1 0
v 6 1 0
v 7 0 0
v 1 0 -4
v 1 1 -3
v 1 1 -4
v 1 0 -3
v 3 1 -3
v 2 2 -3
v 3 2 -3
v 2 1 -3
v 4 1 -3
v 3 2 -3
v 4 2 -3
v 3 1 -3
v 5 1 -3
v 4 2 -3
v 5 2 -3
v 4 1 -3
v 6 1 -3
v 5 2 -3
v 6 2 -3
v 5 1 -3
v 3 2 -3
v 2 3 -3
v 3 3 -3
v 2 2 -3
v 4 2 -3
v 3 3 -3
v 4 3 -3
v 3 2 -3
v 5 2 -3
v 4 3 -3
v 5 3 -3
v 4 2 -3
v 6 2 -3
v 5 3 -3
v 6 3 -3
v 5 2 -3
v 6 1 -2
v 6 2 -3
v 6 2 -2
v 6 1 -3
v 6 1 -1
v 6 2 -2
v 6 2 -1
v 6 1 -2
v 6 2 -2
v 6 3 -3
v 6 3 -2
v 6 2 -3
v 6 2 -1
v 6 3 -2
v 6 3 -1
v 6 2 -2
v 5 2 -3
v 6 3 -3
v 5 3 -3
v 6 2 -3
v 4 2 -3
v 5 3 -3
v 4 3 -3
v 5 2 -3
v 3 2 -3
v 4 3 -3
v 3 3 -3
v 4 2 -3
v 2 2 -3
v 3 3 -3
v 2 3 -3
v 3 2 -3
v 2 1 -3
v 3 2 -3
v 2 2 -3
v 3 1 -3
v 3 1 -3
v 4 2 -3
v 3 2 -3
v 4 1 -3
v 4 1 -3
v 5 2 -3
v 4 2 -3
v 5 1 -3
v 5 1 -3
v 6 2 -3
v 5 2 -3
v 6 1 -3
v 6 2 -3
v 6 3 -2
v 6 3 -3
v 6 2 -2
v 6 2 -2
v 6 3 -1
v 6 3 -2
v 6 2 -1
v 6 1 -3
v 6 2 -2
v 6 2 -3
v 6 1 -2
v 6 1 -2
v 6 2 -1
v 6 2 -2
v 6 1 -1
v 2 1 -2
v 2 2 -3
v 2 2 -2
v 2 1 -3
v 2 1 -1
v 2 2 -2
v 2 2 -1
v 2 1 -2
v 2 2 -2
v 2 3 -3
v 2 3 -2
v 2 2 -3
v 3 3 0
v 4 5 -1
v 3 5 -1
v 4 3 0
v 4 5 -1
v 5 5 -2
v 4 5 -2
v 5 5 -1
v 4 3 0
v 5 5 -1
v 4 5 -1
v 5 3 0
v 5 5 -1
v 6 5 -2
v 5 5 -2
v 6 5 -1
v 5 3 0
v 6 5 -1
v 5 5 -1
v 6 3 0
v 2 5 -1
v 3 5 -2
v 2 5 -2
v 3 5 -1
v 2 3 0
v 3 5 -1
v 2 5 -1
v 3 3 0
v 2 5 -3
v 3 3 -4
v 2 3 -4
v 3 5 -3
v 2 5 -2
v 3 5 -3
v 2 5 -3
v 3 5 -2
v 4 5 -2
v 5 5 -3
v 4 5 -3
v 5 5 -2
v 4 5 -3
v 5 3 -4
v 4 3 -4
v 5 5 -3
v 3 5 -3
v 4 3 -4
v 3 3 -4
v 4 5 -3
v 3 5 -2
v 4 5 -3
v 3 5 -3
v 4 5 -2
v 5 5 -3
v 6 3 -4
v 5 3 -4
v 6 5 -3
v 6 5 -1
v 7 3 -2
v 6 5 -2
v 7 3 -1
v 6 5 -2
v 7 3 -3
v 6 5 -3
v 7 3 -2
v 5 5 -2
v 6 5 -3
v 5 5 -3
v 6 5 -2
v 6 5 -1
v 7 3 0
v 6 5 -1
v 7 3 -1
v 6 3 0
v 7 3 0
v 6 5 -1
v 6 5 -1
v 6 5 -3
v 7 3 -4
v 6 3 -4
v 6 5 -3
v 6 5 -3
v 7 3 -4
v 6 5 -3
v 7 3 -3
v 2 5 -1
v 1 3 -2
v 1 3 -1
v 2 5 -2
v 2 5 -2
v 1 3 -3
v 1 3 -2
v 2 5 -3
v 2 5 -3
v 1 3 -4
v 1 3 -3
v 2 5 -3
v 2 5 -3
v 2 5 -3
v 1 3 -4
v 2 3 -4
v 2 5 -1
v 2 5 -1
v 1 3 0
v 1 3 -1
v 1 3 0
v 2 5 -1
v 2 5 -1
v 2 3 0
v 4 6 10
v 5 4 8
v 4 4 8
v 5 6 10
v 5 6 10
v 6 4 8
v 5 4 8
v 6 6 10
v 6 6 10
v 7 4 8
v 6 4 8
v 7 6 10
v 8 6 10
v 9 4 8
v 8 4 8
v 9 6 10
v 9 6 10
v 11 4 8
v 9 6 10
v 11 4 10
v 9 6 10
v 11 4 8
v 9 4 8
v 9 6 10
v 9 6 11
v 11 4 10
v 9 6 10
v 11 4 11
v 9 6 12
v 11 4 11
v 9 6 11
v 11 4 12
v 9 6 12
v 11 4 14
v 9 6 12
v 11 4 12
v 8 6 12
v 9 6 11
v 8 6 11
v 9 6 12
v 8 6 11
v 9 6 10
v 8 6 10
v 9 6 11
v 6 6 12
v 7 6 11
v 6 6 11
v 7 6 12
v 6 6 11
v 7 6 10
v 6 6 10
v 7 6 11
v 5 6 12
v 6 6 11
v 5 6 11
v 6 6 12
v 5 6 11
v 6 6 10
v 5 6 10
v 6 6 11
v 4 6 12
v 5 6 11
v 4 6 11
v 5 6 12
v 4 6 11
v 5 6 10
v 4 6 10
v 5 6 11
v 3 6 10
v 3 6 10
v 1 4 8
v 3 4 8
v 3 6 11
v 1 4 10
v 1 4 11
v 3 6 10
v 3 6 12
v 1 4 11
v 1 4 12
v 3 6 11
v 2 3 11
v 2 4 12
v 2 4 11
v 2 3 12
v 1 4 14
v 3 6 12
v 3 6 12
v 3 4 14
v 7 0 4
v 8 0 5
v 8 0 5
v 7 0 5
v 8 4 14
v 9 6 12
v 8 6 12
v 9 4 14
v 6 4 14
v 7 6 12
v 6 6 12
v 7 4 14
v 5 4 14
v 6 6 12
v 5 6 12
v 6 4 14
v 3 6 11
v 4 6 10
v 3 6 10
v 4 6 11
v 3 6 10
v 4 4 8
v 3 4 8
v 4 6 10
v 3 6 12
v 4 6 11
v 3 6 11
v 4 6 12
v 3 4 14
v 4 6 12
v 3 6 12
v 4 4 14
v 7 6 11
v 8 6 10
v 7 6 10
v 8 6 11
v 7 4 14
v 8 6 12
v 7 6 12
v 8 4 14
v 7 6 12
v 8 6 11
v 7 6 11
v 8 6 12
v 7 6 10
v 8 4 8
v 7 4 8
v 8 6 10
v 8 3 9
v 7 4 9
v 8 4 9
v 7 3 9
v 8 2 10
v 8 3 9
v 8 3 10
v 8 2 9
v 8 3 10
v 8 4 9
v 8 4 10
v 8 3 9
v 8 2 9
v 7 3 9
v 8 3 9
v 7 2 9
v 8 1 9
v 7 2 9
v 8 2 9
v 7 1 9
v 8 0 9
v 7 1 9
v 8 1 9
v 7 0 9
v 8 0 10
v 8 1 9
v 8 1 10
v 8 0 9
v 8 1 10
v 8 2 9
v 8 2 10
v 8 1 9
v 7 3 9
v 7 4 10
v 7 4 9
v 7 3 10
v 7 2 9
v 7 3 10
v 7 3 9
v 7 2 10
v 7 1 9
v 7 2 10
v 7 2 9
v 7 1 10
v 7 0 9
v 7 1 10
v 7 1 9
v 7 0 10
v 5 3 9
v 4 4 9
v 5 4 9
v 4 3 9
v 5 2 10
v 5 3 9
v 5 3 10
v 5 2 9
v 5 3 10
v 5 4 9
v 5 4 10
v 5 3 9
v 5 2 9
v 4 3 9
v 5 3 9
v 4 2 9
v 5 1 9
v 4 2 9
v 5 2 9
v 4 1 9
v 5 0 9
v 4 1 9
v 5 1 9
v 4 0 9
v 5 0 10
v 5 1 9
v 5 1 10
v 5 0 9
v 5 1 10
v 5 2 9
v 5 2 10
v 5 1 9
v 4 3 9
v 4 4 10
v 4 4 9
v 4 3 10
v 4 2 9
v 4 3 10
v 4 3 9
v 4 2 10
v 4 1 9
v 4 2 10
v 4 2 9
v 4 1 10
v 4 0 9
v 4 1 10
v 4 1 9
v 4 0 10
v 4 0 9
v 3 1 9
v 4 1 9
v 3 0 9
v 6 3 9
v 5 4 9
v 6 4 9
v 5 3 9
v 4 3 9
v 3 4 9
v 4 4 9
v 3 3 9
v 9 3 9
v 8 4 9
v 9 4 9
v 8 3 9
v 4 1 9
v 3 2 9
v 4 2 9
v 3 1 9
v 7 3 9
v 6 4 9
v 7 4 9
v 6 3 9
v 7 2 9
v 6 3 9
v 7 3 9
v 6 2 9
v 9 2 9
v 8 3 9
v 9 3 9
v 8 2 9
v 10 2 12
v 10 3 11
v 10 3 12
v 10 2 11
v 4 2 9
v 3 3 9
v 4 3 9
v 3 2 9
v 9 1 9
v 8 2 9
v 9 2 9
v 8 1 9
v 0 0 5
v 1 0 4
v 0 0 4
v 1 0 5
v 2 2 9
v 2 3 10
v 2 3 9
v 2 2 10
v 2 3 9
v 2 4 10
v 2 4 9
v 2 3 10
v 2 3 10
v 2 4 11
v 2 4 10
v 2 3 11
v 6 1 13
v 7 2 13
v 6 2 13
v 7 1 13
v 6 0 -1
v 7 0 -2
v 6 0 -2
v 7 0 -1
v 6 0 -15
v 5 1 -15
v 6 1 -15
v 5 0 -15
v 7 0 -14
v 7 1 -15
v 7 1 -14
v 7 0 -15
v 6 0 -14
v 7 1 -14
v 6 1 -14
v 7 0 -14
v 5 0 -14
v 6 1 -14
v 5 1 -14
v 6 0 -14
v 5 0 -15
v 5 1 -14
v 5 1 -15
v 5 0 -14
v 7 0 -16
v 6 1 -16
v 7 1 -16
v 6 0 -16
v 6 0 -16
v 5 1 -16
v 6 1 -16
v 5 0 -16
v 9 1 12
v 10 1 11
v 9 1 11
v 10 1 12
v 9 1 11
v 10 1 10
v 9 1 10
v 10 1 11
v 10 1 12
v 9 2 12
v 10 2 12
v 9 1 12
v 10 2 12
v 9 3 12
v 10 3 12
v 9 2 12
v 9 1 10
v 10 2 10
v 9 2 10
v 10 1 10
v 9 2 10
v 10 3 10
v 9 3 10
v 10 2 10
v 2 1 11
v 3 1 10
v 2 1 10
v 3 1 11
v 2 1 12
v 3 1 11
v 2 1 11
v 3 1 12
v 2 1 10
v 3 2 10
v 2 2 10
v 3 1 10
v 2 2 10
v 3 3 10
v 2 3 10
v 3 2 10
v 3 1 12
v 2 2 12
v 3 2 12
v 2 1 12
v 3 2 12
v 2 3 12
v 3 3 12
v 2 2 12
v 2 1 10
v 2 2 11
v 2 2 10
v 2 1 11
v 2 1 11
v 2 2 12
v 2 2 11
v 2 1 12
v 2 2 10
v 2 3 11
v 2 3 10
v 2 2 11
v -6 0 -14
v -5 0 -15
v -6 0 -15
v -5 0 -14
v -5 0 -13
v -5 1 -14
v -5 1 -13
v -5 0 -14
v -5 0 -14
v -5 1 -15
v -5 1 -14
v -5 0 -15
v -5 0 -15
v -6 1 -15
v -5 1 -15
v -6 0 -15
v -6 0 -15
v -7 1 -15
v -6 1 -15
v -7 0 -15
v -6 1 -14
v -5 1 -15
v -6 1 -15
v -5 1 -14
v -7 1 -14
v -6 1 -15
v -7 1 -15
v -6 1 -14
v -6 1 -13
v -5 1 -14
v -6 1 -14
v -5 1 -13
v -7 0 -15
v -7 1 -14
v -7 1 -15
v -7 0 -14
v -7 0 -14
v -8 1 -14
v -7 1 -14
v -8 0 -14
v -8 0 -14
v -9 1 -14
v -8 1 -14
v -9 0 -14
v -9 0 -14
v -9 1 -13
v -9 1 -14
v -9 0 -13
v -9 0 -13
v -8 1 -13
v -9 1 -13
v -8 0 -13
v -8 0 -13
v -8 1 -12
v -8 1 -13
v -8 0 -12
v -8 0 -12
v -7 1 -12
v -8 1 -12
v -7 0 -12
v -7 0 -12
v -6 1 -12
v -7 1 -12
v -6 0 -12
v -6 0 -12
v -6 1 -13
v -6 1 -12
v -6 0 -13
v -6 0 -13
v -5 1 -13
v -6 1 -13
v -5 0 -13
v -6 1 -13
v -6 2 -14
v -6 2 -13
v -6 1 -14
v -7 1 -12
v -6 1 -13
v -7 1 -13
v -6 1 -12
v -8 1 -12
v -7 1 -13
v -8 1 -13
v -7 1 -12
v -7 1 -13
v -6 2 -13
v -7 2 -13
v -6 1 -13
v -8 1 -13
v -7 2 -13
v -8 2 -13
v -7 1 -13
v -7 2 -13
v -6 2 -14
v -7 2 -14
v -6 2 -13
v -8 2 -13
v -7 2 -14
v -8 2 -14
v -7 2 -13
v -6 1 -14
v -7 2 -14
v -6 2 -14
v -7 1 -14
v -7 1 -14
v -8 2 -14
v -7 2 -14
v -8 1 -14
v -9 1 -13
v -8 1 -14
v -9 1 -14
v -8 1 -13
v -12 0 11
v -11 0 10
v -12 0 10
v -11 0 11
v -14 0 -1
v -14 1 0
v -14 1 -1
v -14 0 0
v -14 0 1
v -14 1 2
v -14 1 1
v -14 0 2
v -13 0 0
v -13 1 1
v -13 1 0
v -13 0 1
v -14 0 0
v -13 1 0
v -14 1 0
v -13 0 0
v -14 0 2
v -13 1 2
v -14 1 2
v -13 0 2
v -13 0 1
v -12 1 1
v -13 1 1
v -12 0 1
v -14 1 2
v -13 1 1
v -14 1 1
v -13 1 2
v -13 1 1
v -12 1 0
v -13 1 0
v -12 1 1
v -13 0 -1
v -14 1 -1
v -13 1 -1
v -14 0 -1
v -13 0 1
v -14 1 1
v -13 1 1
v -14 0 1
v -13 1 -1
v -14 2 -1
v -13 2 -1
v -14 1 -1
v -14 1 -1
v -14 2 0
v -14 2 -1
v -14 1 0
v -14 1 0
v -13 2 0
v -14 2 0
v -13 1 0
v -13 1 0
v -12 2 0
v -13 2 0
v -12 1 0
v -13 2 0
v -12 3 0
v -13 3 0
v -12 2 0
v -14 2 0
v -13 2 -1
v -14 2 -1
v -13 2 0
v -13 2 -1
v -13 3 0
v -13 3 -1
v -13 2 0
v -12 2 -1
v -13 3 -1
v -12 3 -1
v -13 2 -1
v -12 1 -1
v -13 2 -1
v -12 2 -1
v -13 1 -1
v -13 2 -1
v -12 2 -2
v -13 2 -2
v -12 2 -1
v -13 3 0
v -12 3 -1
v -13 3 -1
v -12 3 0
v -12 3 0
v -11 3 -1
v -12 3 -1
v -11 3 0
v -12 2 0
v -11 3 0
v -12 3 0
v -11 2 0
v -12 1 0
v -11 2 0
v -12 2 0
v -11 1 0
v -6 0 -5
v -7 -1 -6
v -7 0 -5
v -6 0 -5
v -9 -1 -7
v -8 -1 -8
v -9 -1 -8
v -8 -1 -7
v 5 3 -14
v 6 4 -14
v 5 4 -14
v 6 3 -14
v -12 0 -11
v -11 -1 -10
v -11 0 -11
v -12 0 -11
v -9 0 -5
v -8 -1 -6
v -9 -1 -6
v -8 0 -5
v -10 0 -5
v -9 -1 -6
v -10 -1 -6
v -9 0 -5
v -12 0 -5
v -11 -1 -6
v -12 0 -6
v -12 0 -5
v -12 0 -5
v -11 -1 -6
v -11 -1 -6
v -11 0 -5
v 5 2 -14
v 6 3 -14
v 5 3 -14
v 6 2 -14
v -5 1 -2
v -6 2 -2
v -5 2 -2
v -6 1 -2
v -6 1 -2
v -7 2 -2
v -6 2 -2
v -7 1 -2
v -7 1 -2
v -8 2 -2
v -7 2 -2
v -8 1 -2
v -8 1 -2
v -9 2 -2
v -8 2 -2
v -9 1 -2
v -9 1 -2
v -9 2 -1
v -9 2 -2
v -9 1 -1
v -9 1 -1
v -9 2 0
v -9 2 -1
v -9 1 0
v -9 1 0
v -9 2 1
v -9 2 0
v -9 1 1
v -9 1 1
v -9 2 2
v -9 2 1
v -9 1 2
v -9 1 2
v -9 2 3
v -9 2 2
v -9 1 3
v -9 1 3
v -9 2 4
v -9 2 3
v -9 1 4
v -9 1 4
v -9 2 5
v -9 2 4
v -9 1 5
v -9 1 -2
v -8 2 -2
v -9 2 -2
v -8 1 -2
v -8 1 -2
v -7 2 -2
v -8 2 -2
v -7 1 -2
v -7 1 -2
v -6 2 -2
v -7 2 -2
v -6 1 -2
v -6 1 -2
v -5 2 -2
v -6 2 -2
v -5 1 -2
v -9 1 5
v -9 2 4
v -9 2 5
v -9 1 4
v -9 1 4
v -9 2 3
v -9 2 4
v -9 1 3
v -9 1 3
v -9 2 2
v -9 2 3
v -9 1 2
v -9 1 2
v -9 2 1
v -9 2 2
v -9 1 1
v -9 1 1
v -9 2 0
v -9 2 1
v -9 1 0
v -9 1 0
v -9 2 -1
v -9 2 0
v -9 1 -1
v -9 1 -1
v -9 2 -2
v -9 2 -1
v -9 1 -2
v -5 1 5
v -5 2 4
v -5 2 5
v -5 1 4
v -5 1 4
v -5 2 3
v -5 2 4
v -5 1 3
v -5 1 3
v -5 2 2
v -5 2 3
v -5 1 2
v -5 1 4
v -5 2 5
v -5 2 4
v -5 1 5
v -5 1 3
v -5 2 4
v -5 2 3
v -5 1 4
v -5 1 0
v -5 2 -1
v -5 2 0
v -5 1 -1
v -5 1 -1
v -5 2 -2
v -5 2 -1
v -5 1 -2
v -9 1 5
v -8 2 5
v -9 2 5
v -8 1 5
v -8 1 5
v -7 2 5
v -8 2 5
v -7 1 5
v -7 1 5
v -6 2 5
v -7 2 5
v -6 1 5
v -6 1 5
v -5 2 5
v -6 2 5
v -5 1 5
v -8 -1 -8
v -7 -1 -9
v -8 -1 -9
v -7 -1 -8
v -8 -1 -9
v -7 -1 -10
v -8 -1 -10
v -7 -1 -9
v -9 -1 -9
v -8 -1 -10
v -9 -1 -10
v -8 -1 -9
v -10 -1 -9
v -9 -1 -10
v -10 -1 -10
v -9 -1 -9
v -10 -1 -8
v -9 -1 -9
v -10 -1 -9
v -9 -1 -8
v -8 -1 -7
v -7 -1 -8
v -8 -1 -8
v -7 -1 -7
v 6 3 -14
v 7 3 -15
v 6 3 -15
v 7 3 -14
v 5 4 -14
v 6 4 -15
v 5 4 -15
v 6 4 -14
v 4 0 6
v 5 0 5
v 4 0 5
v 5 0 6
v 7 0 9
v 8 0 8
v 7 0 8
v 8 0 9
v 7 0 8
v 8 0 7
v 7 0 7
v 8 0 8
v 7 0 6
v 8 0 5
v 7 0 5
v 8 0 6
v 6 3 -14
v 6 4 -15
v 6 4 -14
v 6 3 -15
v 5 1 -15
v 6 1 -16
v 5 1 -16
v 6 1 -15
v 4 -5 -12
v 5 -4 -12
v 4 -4 -12
v 5 -5 -12
v 3 0 -12
v 3 1 -13
v 3 1 -12
v 3 0 -13
v 4 0 1
v 5 0 0
v 4 0 0
v 5 0 1
v 5 0 0
v 6 0 -1
v 5 0 -1
v 6 0 0
v 6 0 2
v 7 0 1
v 6 0 1
v 7 0 2
v 2 0 12
v 2 1 13
v 2 1 12
v 2 0 13
v 2 0 11
v 2 1 12
v 2 1 11
v 2 0 12
v 2 3 12
v 2 4 13
v 2 4 12
v 2 3 13
v 2 2 12
v 2 3 13
v 2 3 12
v 2 2 13
v 2 1 12
v 2 2 13
v 2 2 12
v 2 1 13
v 7 0 -15
v 7 1 -16
v 7 1 -15
v 7 0 -16
v 6 0 -15
v 7 1 -15
v 6 1 -15
v 7 0 -15
v 5 0 -15
v 6 1 -15
v 5 1 -15
v 6 0 -15
v 5 0 -16
v 5 1 -15
v 5 1 -16
v 5 0 -15
v 6 1 -15
v 7 1 -16
v 6 1 -16
v 7 1 -15
v 8.484578132629395 1 -7.5675368309021
v 9.417591094970703 1 -8.183562278747559
v 8.984578132629395 1 -8.433562278747559
v 8.917591094970703 1 -7.317537307739258
v 8.984578132629395 1 -8.433562278747559
v 9.917591094970703 1 -9.049588203430176
v 9.268072128295898 1 -9.424588203430176
v 9.417591094970703 1 -8.183562278747559
v 9.268072128295898 1 -9.424588203430176
v 10.20108413696289 1 -10.040613174438477
v 9.551565170288086 1 -10.415613174438477
v 9.917591094970703 1 -9.049588203430176
v 8.051565170288086 0 -7.8175368309021
v 8.917591094970703 1 -7.317537307739258
v 8.484578132629395 1 -7.5675368309021
v 8.70108413696289 0 -7.442537307739258
v 9.551565170288086 1 -10.415613174438477
v 11.292591094970703 1 -11.431158065795898
v 10.393072128295898 1 -11.37314510345459
v 10.20108413696289 1 -10.040613174438477
v 8.70108413696289 0 -7.442537307739258
v 9.417591094970703 1 -8.183562278747559
v 8.917591094970703 1 -7.317537307739258
v 9.20108413696289 0 -8.308562278747559
v 9.20108413696289 0 -8.308562278747559
v 9.917591094970703 1 -9.049588203430176
v 9.417591094970703 1 -8.183562278747559
v 9.70108413696289 0 -9.174588203430176
v -7.234577178955078 -0.329551100730896 12.920215606689453
v -7.667591094970703 -0.506327748298645 13.096990585327148
v -6.801565170288086 -0.8598811626434326 12.036331176757812
v -7.451084136962891 -1.1250462532043457 12.301496505737305
v -7.667591094970703 -0.506327748298645 13.096990585327148
v -8.167591094970703 0.10604500770568848 12.484619140625
v -7.451084136962891 -1.1250462532043457 12.301496505737305
v -7.951084136962891 -0.5126733779907227 11.689123153686523
v -7.734577178955078 0.2828217148780823 12.307842254638672
v -8.167591094970703 0.10604500770568848 12.484619140625
v -7.234577178955078 -0.329551100730896 12.920215606689453
v -7.667591094970703 -0.506327748298645 13.096990585327148
v -8.167591094970703 0.10604500770568848 12.484619140625
v -8.667591094970703 0.7184164524078369 11.872247695922852
v -7.951084136962891 -0.5126733779907227 11.689123153686523
v -8.45108413696289 0.0996980369091034 11.076751708984375
v -8.018072128295898 0.9835814833641052 11.60708236694336
v -8.667591094970703 0.7184164524078369 11.872247695922852
v -7.734577178955078 0.2828217148780823 12.307842254638672
v -8.167591094970703 0.10604500770568848 12.484619140625
v -8.301565170288086 1.684342622756958 10.906320571899414
v -8.95108413696289 1.4191776514053345 11.171485900878906
v -8.018072128295898 0.9835814833641052 11.60708236694336
v -8.667591094970703 0.7184164524078369 11.872247695922852
v -8.667591094970703 0.7184164524078369 11.872247695922852
v -8.95108413696289 1.4191776514053345 11.171485900878906
v -8.45108413696289 0.0996980369091034 11.076751708984375
v -8.95108413696289 0.7120708227157593 10.464378356933594
v -8.95108413696289 1.4191776514053345 11.171485900878906
v -10.042591094970703 2.4024415016174316 10.188222885131836
v -8.95108413696289 0.7120708227157593 10.464378356933594
v -9.667591094970703 1.2360553741455078 9.94039535522461
v -9.143072128295898 2.3614206314086914 10.229242324829102
v -10.042591094970703 2.4024415016174316 10.188222885131836
v -8.301565170288086 1.684342622756958 10.906320571899414
v -8.95108413696289 1.4191776514053345 11.171485900878906
v -10.042591094970703 2.4024415016174316 10.188222885131836
v -9.143072128295898 2.3614206314086914 10.229242324829102
v -9.667591094970703 1.2360553741455078 9.94039535522461
v -9.018072128295898 1.5012203454971313 9.675230026245117
v -9.143072128295898 2.3614206314086914 10.229242324829102
v -8.518072128295898 1.5959542989730835 10.994709014892578
v -9.018072128295898 1.5012203454971313 9.675230026245117
v -8.518072128295898 0.8888475298881531 10.287603378295898
v -8.518072128295898 1.5959542989730835 10.994709014892578
v -8.018072128295898 0.9835814833641052 11.60708236694336
v -8.518072128295898 0.8888475298881531 10.287603378295898
v -8.018072128295898 0.4532514214515686 11.076751708984375
v -8.018072128295898 0.9835814833641052 11.60708236694336
v -7.734577178955078 0.2828217148780823 12.307842254638672
v -8.018072128295898 0.4532514214515686 11.076751708984375
v -7.518072128295898 -0.33589673042297363 11.512346267700195
v -7.734577178955078 0.2828217148780823 12.307842254638672
v -7.234577178955078 -0.329551100730896 12.920215606689453
v -7.518072128295898 -0.33589673042297363 11.512346267700195
v -6.801565170288086 -0.8598811626434326 12.036331176757812
v -6.75 -1 9
v -5.75 0 9
v -6.75 0 9
v -5.75 -1 9
v -12 0 11
v -11 1 11
v -12 1 11
v -11 0 11
v -12 1 11
v -11 2 11
v -12 2 11
v -11 1 11
v -12 0 10
v -12 1 11
v -12 1 10
v -12 0 11
v -12 1 10
v -12 2 11
v -12 2 10
v -12 1 11
v -14 0 8
v -14 1 9
v -14 1 8
v -14 0 9
v -14 0 9
v -14 1 10
v -14 1 9
v -14 0 10
v -14 1 8
v -14 2 9
v -14 2 8
v -14 1 9
v -14 1 9
v -14 2 10
v -14 2 9
v -14 1 10
v -14 0 10
v -13 1 10
v -14 1 10
v -13 0 10
v -13 0 10
v -12 1 10
v -13 1 10
v -12 0 10
v -13 1 10
v -12 2 10
v -13 2 10
v -12 1 10
v -14 1 10
v -13 2 10
v -14 2 10
v -13 1 10
v -14 2 9
v -13 2 8
v -14 2 8
v -13 2 9
v -14 2 10
v -13 2 9
v -14 2 9
v -13 2 10
v -13 2 9
v -12 2 8
v -13 2 8
v -12 2 9
v -13 2 10
v -12 3 10
v -13 3 10
v -12 2 10
v -13 2 9
v -13 3 10
v -13 3 9
v -13 2 10
v -12 2 9
v -13 3 9
v -12 3 9
v -13 2 9
v -12 2 10
v -12 3 9
v -12 3 10
v -12 2 9
v -13 3 10
v -12 3 9
v -13 3 9
v -12 3 10
v -12 2 11
v -11 2 10
v -12 2 10
v -11 2 11
v -11 0 11
v -11 1 10
v -11 1 11
v -11 0 10
v -11 1 11
v -11 2 10
v -11 2 11
v -11 1 10
v -11 0 10
v -12 1 10
v -11 1 10
v -12 0 10
v -11 1 10
v -12 2 10
v -11 2 10
v -12 1 10
v -12 1 10
v -12 2 9
v -12 2 10
v -12 1 9
v -12 0 10
v -12 1 9
v -12 1 10
v -12 0 9
v -12 1 9
v -12 2 8
v -12 2 9
v -12 1 8
v -12 0 9
v -12 1 8
v -12 1 9
v -12 -1 8
v -12 -1 8
v -13 1 8
v -12 1 8
v -13 -1 8
v -13 -1 8
v -14 1 8
v -13 1 8
v -14 0 8
v -13 1 8
v -14 2 8
v -13 2 8
v -14 1 8
v -12 0 9
v -11 0 8
v -12 -1 8
v -11 0 9
v -11 0 8
v -11 1 7
v -11 1 8
v -11 0 7
v -11 0 7
v -12 1 7
v -11 1 7
v -12 -1 7
vt 0.5 0.375
vt 0.75 0.25
vt 0.75 0.375
vt 0.5 0.25
vt 0 0
vt 0.25 0.125
vt 0 0.125
vt 0.25 0
vt 0 0.25
vt 0.25 0.375
vt 0 0.375
vt 0.25 0.25
vt 0.75 0.875
vt 1 0.875
vt 0.75 0.75
vt 1 0.75
vt 0.5 0.625
vt 0.5 0.75
vt 0.75 0.625
vt 1 0.125
vt 0.75 0.125
vt 1 0.25
vt 1 0
vt 0.75 0
vt 0.5 1
vt 0.75 1
vt 0.5 0.875
vt 0.5 0
vt 0.5 0.125
vt 0.75 0.5
vt 0.5 0.5
vt 0 0.875
vt 0.25 1
vt 0 1
vt 0.25 0.875
vn 0 0.89442719 -0.4472136
vn 0 1 0
vn 0 0 0
vn 0.4472136 0.89442719 0
vn 0 -1 0
vn -0.4472136 -0.89442719 0
vn -0.4472136 0.89442719 0
vn 0 0.89442719 0.4472136
vn 0.70710678 0 -0.70710678
vn -0.9701425 0.24253563 0
vn 0.9701425 0.24253563 0
vn 0 0.24253563 -0.9701425
vn 0 0.24253563 0.9701425
vn 0.94339782 0.33166332 0
vn -0.94339782 0.33166332 0
vn 0 0.33166332 -0.94339782
vn 0 0.33166332 0.94339782
vn 0 0 1
vn 0.70710678 0.70710678 0
vn 0 0.70710678 -0.70710678
vn 0 0 -1
vn -0.8660253 0 -0.50000019
vn -0.84016812 0.24253535 -0.48507127
vn -0.64681972 0.43643588 -0.62541824
vn -0.86602544 1.9e-7 -0.49999994
vn -0.86602553 0 -0.49999977
vn -0.96143581 0 -0.27502941
vn -0.86888938 0.24209073 -0.43176768
vn -0.05460044 -0.52941164 -0.84660623
vn 0.48507133 -0.24253535 -0.84016808
vn -0.70710678 0.70710678 0
vn -1 0 0
vn 0.93434771 -0.23570277 0.26727992
vn 0.8660253 0 0.50000019
vn 0.78661066 0 0.61744933
vn 0.70729386 0.17896499 0.68389102
vn 0.57735027 0.57735027 0.57735027
vn 0 0.70710678 0.70710678
vn 1 0 0
vn -0.57735027 0.57735027 -0.57735027
vn 0 0.4472136 0.89442719
vn 0 0.4472136 -0.89442719
vn 0.89442719 0.4472136 0
vn -0.89442719 0.4472136 0
vn -0.49999906 -4.1e-7 0.86602595
vn -0.49999957 1.8e-7 0.86602565
vn 0.84016784 -0.24253611 0.48507137
vn 0.84016807 -0.24253611 0.48507097
vn 0.49999708 -0.61237549 0.61237177
vn 0.50000029 -0.61237156 0.61237308
vn -0.84016799 -0.51449593 0.17149837
vn -0.8401681 -0.51449592 0.17149784
vn 3e-8 0.7071071 0.70710646
vn -0.00000158 0.70710538 0.70710818
vn -0.84016757 -0.51449657 0.17149849
vn -0.84016757 -0.51449657 0.17149851
vn 2.4e-7 0.70710689 0.70710667
vn 2.2e-7 0.70710687 0.70710669
vn 1e-7 0.70710713 0.70710643
vn 7e-8 0.7071071 0.70710647
vn -0.93434779 -0.35566229 0.02232822
vn -0.86602563 -0.3535533 0.35355294
vn -0.78661057 -0.43660291 0.43660246
vn -0.70729321 -0.35703656 0.61013213
vn 0.0000012 0.70710765 0.70710591
vn 4.4e-7 0.70710672 0.70710684
vn 0.05459823 0.22428979 -0.97299184
vn -0.48507137 0.42258885 -0.76558764
vn 0.86602568 0.35355271 -0.3535534
vn 0.86602563 0.35355283 -0.35355339
vn 0.86602529 0.35355373 -0.35355333
vn 0.96143543 0.19447622 -0.194476
vn 0.86888907 0.47649009 -0.13412303
vn 0.84016842 0.51449499 -0.17149908
vn 0.64682007 0.75084392 -0.13363087
g Scene
usemtl texture_pixellab-tileset-grass-light-brown-like-dirt-0b1e6713
f 1/1/1 3/2/1 2/3/1
f 1/1/1 4/4/1 3/2/1
f 5/5/2 6/6/2 7/7/2
f 5/5/2 8/8/2 6/6/2
f 9/5/2 10/6/2 11/7/2
f 9/5/2 12/8/2 10/6/2
f 13/5/2 14/6/2 15/7/2
f 13/5/2 16/8/2 14/6/2
f 17/5/2 18/6/2 19/7/2
f 17/5/2 20/8/2 18/6/2
f 21/5/2 22/6/2 23/7/2
f 21/5/2 24/8/2 22/6/2
f 25/5/2 26/6/2 27/7/2
f 25/5/2 28/8/2 26/6/2
f 29/5/2 30/6/2 31/7/2
f 29/5/2 32/8/2 30/6/2
f 33/5/2 34/6/2 35/7/2
f 33/5/2 36/8/2 34/6/2
f 37/5/2 38/6/2 39/7/2
f 37/5/2 40/8/2 38/6/2
f 41/5/2 42/6/2 43/7/2
f 41/5/2 44/8/2 42/6/2
f 45/5/2 46/6/2 47/7/2
f 45/5/2 48/8/2 46/6/2
f 49/5/2 50/6/2 51/7/2
f 49/5/2 52/8/2 50/6/2
f 53/5/2 54/6/2 55/7/2
f 53/5/2 56/8/2 54/6/2
f 57/5/2 58/6/2 59/7/2
f 57/5/2 60/8/2 58/6/2
f 61/5/2 62/6/2 63/7/2
f 61/5/2 64/8/2 62/6/2
f 65/5/2 66/6/2 67/7/2
f 65/5/2 68/8/2 66/6/2
f 69/5/2 70/6/2 71/7/2
f 69/5/2 72/8/2 70/6/2
f 73/5/2 74/6/2 75/7/2
f 73/5/2 76/8/2 74/6/2
f 77/5/2 78/6/2 79/7/2
f 77/5/2 80/8/2 78/6/2
f 81/5/2 82/6/2 83/7/2
f 81/5/2 84/8/2 82/6/2
f 85/5/2 86/6/2 87/7/2
f 85/5/2 88/8/2 86/6/2
f 89/8/2 90/7/2 91/5/2
f 89/8/2 92/6/2 90/7/2
f 93/5/2 94/6/2 95/7/2
f 93/5/2 96/8/2 94/6/2
f 97/5/2 98/6/2 99/7/2
f 97/5/2 100/8/2 98/6/2
f 101/5/2 102/6/2 103/7/2
f 101/5/2 104/8/2 102/6/2
f 105/5/2 106/6/2 107/7/2
f 105/5/2 108/8/2 106/6/2
f 109/5/2 110/6/2 111/7/2
f 109/5/2 112/8/2 110/6/2
f 113/5/2 114/6/2 115/7/2
f 113/5/2 116/8/2 114/6/2
f 117/5/2 118/6/2 119/7/2
f 117/5/2 120/8/2 118/6/2
f 121/5/2 122/6/2 123/7/2
f 121/5/2 124/8/2 122/6/2
f 125/5/2 126/6/2 127/7/2
f 125/5/2 128/8/2 126/6/2
f 129/5/2 130/6/2 131/7/2
f 129/5/2 132/8/2 130/6/2
f 133/5/2 134/6/2 135/7/2
f 133/5/2 136/8/2 134/6/2
f 137/5/2 138/6/2 139/7/2
f 137/5/2 140/8/2 138/6/2
f 141/5/2 142/6/2 143/7/2
f 141/5/2 144/8/2 142/6/2
f 145/5/2 146/6/2 147/7/2
f 145/5/2 148/8/2 146/6/2
f 149/5/2 150/6/2 151/7/2
f 149/5/2 152/8/2 150/6/2
f 153/5/2 154/6/2 155/7/2
f 153/5/2 156/8/2 154/6/2
f 157/5/2 158/6/2 159/7/2
f 157/5/2 160/8/2 158/6/2
f 161/5/2 162/6/2 163/7/2
f 161/5/2 164/8/2 162/6/2
f 165/5/2 166/6/2 167/7/2
f 165/5/2 168/8/2 166/6/2
f 169/5/2 170/6/2 171/7/2
f 169/5/2 172/8/2 170/6/2
f 173/5/2 174/6/2 175/7/2
f 173/5/2 176/8/2 174/6/2
f 177/5/2 178/6/2 179/7/2
f 177/5/2 180/8/2 178/6/2
f 181/5/2 182/6/2 183/7/2
f 181/5/2 184/8/2 182/6/2
f 185/5/2 186/6/2 187/7/2
f 185/5/2 188/8/2 186/6/2
f 189/5/2 190/6/2 191/7/2
f 189/5/2 192/8/2 190/6/2
f 193/5/2 194/6/2 195/7/2
f 193/5/2 196/8/2 194/6/2
f 197/5/2 198/6/2 199/7/2
f 197/5/2 200/8/2 198/6/2
f 201/5/2 202/6/2 203/7/2
f 201/5/2 204/8/2 202/6/2
f 205/5/2 206/6/2 207/7/2
f 205/5/2 208/8/2 206/6/2
f 209/5/2 210/6/2 211/7/2
f 209/5/2 212/8/2 210/6/2
f 213/5/2 214/6/2 215/7/2
f 213/5/2 216/8/2 214/6/2
f 217/5/2 218/6/2 219/7/2
f 217/5/2 220/8/2 218/6/2
f 221/5/2 222/6/2 223/7/2
f 221/5/2 224/8/2 222/6/2
f 225/1/1 226/2/1 227/3/1
f 225/1/1 228/4/1 226/2/1
f 229/9/2 230/10/2 231/11/2
f 229/9/2 232/12/2 230/10/2
f 233/1/1 234/2/1 235/3/1
f 233/1/1 236/4/1 234/2/1
f 237/1/3 238/4/3 239/3/3
f 238/4/4 240/2/4 239/3/4
f 241/5/2 242/6/2 243/7/2
f 241/5/2 244/8/2 242/6/2
f 245/5/2 246/6/2 247/7/2
f 245/5/2 248/8/2 246/6/2
f 249/5/2 250/6/2 251/7/2
f 249/5/2 252/8/2 250/6/2
f 253/5/2 254/6/2 255/7/2
f 253/5/2 256/8/2 254/6/2
f 257/5/2 258/6/2 259/7/2
f 257/5/2 260/8/2 258/6/2
f 261/5/2 262/6/2 263/7/2
f 261/5/2 264/8/2 262/6/2
f 265/5/2 266/6/2 267/7/2
f 265/5/2 268/8/2 266/6/2
f 269/5/2 270/6/2 271/7/2
f 269/5/2 272/8/2 270/6/2
f 273/5/2 274/6/2 275/7/2
f 273/5/2 276/8/2 274/6/2
f 277/5/2 278/6/2 279/7/2
f 277/5/2 280/8/2 278/6/2
f 281/5/2 282/6/2 283/7/2
f 281/5/2 284/8/2 282/6/2
f 285/5/2 286/6/2 287/7/2
f 285/5/2 288/8/2 286/6/2
f 289/5/2 290/6/2 291/7/2
f 289/5/2 292/8/2 290/6/2
f 293/5/2 294/6/2 295/7/2
f 293/5/2 296/8/2 294/6/2
f 297/5/2 298/6/2 299/7/2
f 297/5/2 300/8/2 298/6/2
f 301/5/2 302/6/2 303/7/2
f 301/5/2 304/8/2 302/6/2
f 305/5/2 306/6/2 307/7/2
f 305/5/2 308/8/2 306/6/2
f 309/5/2 310/6/2 311/7/2
f 309/5/2 312/8/2 310/6/2
f 313/5/2 314/6/2 315/7/2
f 313/5/2 316/8/2 314/6/2
f 317/5/2 318/6/2 319/7/2
f 317/5/2 320/8/2 318/6/2
f 321/5/2 322/6/2 323/7/2
f 321/5/2 324/8/2 322/6/2
f 325/5/2 326/6/2 327/7/2
f 325/5/2 328/8/2 326/6/2
f 329/5/2 330/6/2 331/7/2
f 329/5/2 332/8/2 330/6/2
f 333/5/2 334/6/2 335/7/2
f 333/5/2 336/8/2 334/6/2
f 337/5/2 338/6/2 339/7/2
f 337/5/2 340/8/2 338/6/2
f 341/5/2 342/6/2 343/7/2
f 341/5/2 344/8/2 342/6/2
f 345/5/2 346/6/2 347/7/2
f 345/5/2 348/8/2 346/6/2
f 349/5/2 350/6/2 351/7/2
f 349/5/2 352/8/2 350/6/2
f 353/5/2 354/6/2 355/7/2
f 353/5/2 356/8/2 354/6/2
f 357/5/5 358/6/5 359/7/5
f 357/5/5 360/8/5 358/6/5
f 361/5/2 362/6/2 363/7/2
f 361/5/2 364/8/2 362/6/2
f 365/5/2 366/6/2 367/7/2
f 365/5/2 368/8/2 366/6/2
f 369/5/2 370/6/2 371/7/2
f 369/5/2 372/8/2 370/6/2
f 373/5/2 374/6/2 375/7/2
f 373/5/2 376/8/2 374/6/2
f 377/5/2 378/6/2 379/7/2
f 377/5/2 380/8/2 378/6/2
f 381/5/2 382/6/2 383/7/2
f 381/5/2 384/8/2 382/6/2
f 385/5/2 386/6/2 387/7/2
f 385/5/2 388/8/2 386/6/2
f 389/5/2 390/6/2 391/7/2
f 389/5/2 392/8/2 390/6/2
f 393/5/2 394/6/2 395/7/2
f 393/5/2 396/8/2 394/6/2
f 397/5/2 398/6/2 399/7/2
f 397/5/2 400/8/2 398/6/2
f 401/5/2 402/6/2 403/7/2
f 401/5/2 404/8/2 402/6/2
f 405/5/2 406/6/2 407/7/2
f 405/5/2 408/8/2 406/6/2
f 409/5/2 410/6/2 411/7/2
f 409/5/2 412/8/2 410/6/2
f 413/5/2 414/6/2 415/7/2
f 413/5/2 416/8/2 414/6/2
f 417/5/2 418/6/2 419/7/2
f 417/5/2 420/8/2 418/6/2
f 421/5/2 422/6/2 423/7/2
f 421/5/2 424/8/2 422/6/2
f 425/5/2 426/6/2 427/7/2
f 425/5/2 428/8/2 426/6/2
f 429/5/2 430/6/2 431/7/2
f 429/5/2 432/8/2 430/6/2
f 433/5/2 434/6/2 435/7/2
f 433/5/2 436/8/2 434/6/2
f 437/5/2 438/6/2 439/7/2
f 437/5/2 440/8/2 438/6/2
f 441/5/2 442/6/2 443/7/2
f 441/5/2 444/8/2 442/6/2
f 445/5/2 446/6/2 447/7/2
f 445/5/2 448/8/2 446/6/2
f 449/5/2 450/6/2 451/7/2
f 449/5/2 452/8/2 450/6/2
f 453/5/2 454/6/2 455/7/2
f 453/5/2 456/8/2 454/6/2
f 457/5/2 458/6/2 459/7/2
f 457/5/2 460/8/2 458/6/2
f 461/5/2 462/6/2 463/7/2
f 461/5/2 464/8/2 462/6/2
f 465/5/2 466/6/2 467/7/2
f 465/5/2 468/8/2 466/6/2
f 469/5/2 470/6/2 471/7/2
f 469/5/2 472/8/2 470/6/2
f 473/5/2 474/6/2 475/7/2
f 473/5/2 476/8/2 474/6/2
usemtl 1
f 477/9/2 478/10/2 479/11/2
f 477/9/2 480/12/2 478/10/2
usemtl texture_pixellab-tileset-grass-light-brown-like-dirt-0b1e6713
f 481/5/2 482/6/2 483/7/2
f 481/5/2 484/8/2 482/6/2
f 485/5/2 486/6/2 487/7/2
f 485/5/2 488/8/2 486/6/2
f 489/5/2 490/6/2 491/7/2
f 489/5/2 492/8/2 490/6/2
f 493/5/2 494/6/2 495/7/2
f 493/5/2 496/8/2 494/6/2
f 497/5/2 498/6/2 499/7/2
f 497/5/2 500/8/2 498/6/2
f 501/5/2 502/6/2 503/7/2
f 501/5/2 504/8/2 502/6/2
f 505/5/2 506/6/2 507/7/2
f 505/5/2 508/8/2 506/6/2
f 509/5/2 510/6/2 511/7/2
f 509/5/2 512/8/2 510/6/2
f 513/5/2 514/6/2 515/7/2
f 513/5/2 516/8/2 514/6/2
f 517/5/2 518/6/2 519/7/2
f 517/5/2 520/8/2 518/6/2
f 521/5/2 522/6/2 523/7/2
f 521/5/2 524/8/2 522/6/2
f 525/5/2 526/6/2 527/7/2
f 525/5/2 528/8/2 526/6/2
f 529/5/2 530/6/2 531/7/2
f 529/5/2 532/8/2 530/6/2
f 533/5/2 534/6/2 535/7/2
f 533/5/2 536/8/2 534/6/2
f 537/6/2 538/5/2 539/7/2
f 537/6/2 540/8/2 538/5/2
f 541/5/2 542/6/2 543/7/2
f 541/5/2 544/8/2 542/6/2
f 545/5/2 546/6/2 547/7/2
f 545/5/2 548/8/2 546/6/2
f 549/5/2 550/6/2 551/7/2
f 549/5/2 552/8/2 550/6/2
f 553/5/2 554/6/2 555/7/2
f 553/5/2 556/8/2 554/6/2
f 557/5/2 558/6/2 559/7/2
f 557/5/2 560/8/2 558/6/2
usemtl 1
f 561/6/2 562/7/2 563/8/2
f 562/7/3 564/5/3 563/8/3
usemtl texture_pixellab-tileset-grass-light-brown-like-dirt-0b1e6713
f 565/5/2 566/6/2 567/7/2
f 565/5/2 568/8/2 566/6/2
f 569/5/2 570/6/2 571/7/2
f 569/5/2 572/8/2 570/6/2
f 573/5/2 574/6/2 575/7/2
f 573/5/2 576/8/2 574/6/2
f 577/5/2 578/6/2 579/7/2
f 577/5/2 580/8/2 578/6/2
f 581/5/2 582/6/2 583/7/2
f 581/5/2 584/8/2 582/6/2
f 585/5/2 586/6/2 587/7/2
f 585/5/2 588/8/2 586/6/2
f 589/5/2 590/6/2 591/7/2
f 589/5/2 592/8/2 590/6/2
f 593/5/2 594/6/2 595/7/2
f 593/5/2 596/8/2 594/6/2
f 597/5/2 598/6/2 599/7/2
f 597/5/2 600/8/2 598/6/2
f 601/5/2 602/6/2 603/7/2
f 601/5/2 604/8/2 602/6/2
f 605/5/2 606/6/2 607/7/2
f 605/5/2 608/8/2 606/6/2
f 609/5/2 610/6/2 611/7/2
f 609/5/2 612/8/2 610/6/2
f 613/5/2 614/6/2 615/7/2
f 613/5/2 616/8/2 614/6/2
f 617/5/2 618/6/2 619/7/2
f 617/5/2 620/8/2 618/6/2
f 621/5/2 622/6/2 623/7/2
f 621/5/2 624/8/2 622/6/2
f 625/5/2 626/6/2 627/7/2
f 625/5/2 628/8/2 626/6/2
f 629/5/2 630/6/2 631/7/2
f 629/5/2 632/8/2 630/6/2
f 633/5/2 634/6/2 635/7/2
f 633/5/2 636/8/2 634/6/2
f 637/5/2 638/6/2 639/7/2
f 637/5/2 640/8/2 638/6/2
f 641/5/2 642/6/2 643/7/2
f 641/5/2 644/8/2 642/6/2
f 645/5/2 646/6/2 647/7/2
f 645/5/2 648/8/2 646/6/2
f 649/5/2 650/6/2 651/7/2
f 649/5/2 652/8/2 650/6/2
f 653/5/2 654/6/2 655/7/2
f 653/5/2 656/8/2 654/6/2
f 657/5/2 658/6/2 659/7/2
f 657/5/2 660/8/2 658/6/2
f 661/5/2 662/6/2 663/7/2
f 661/5/2 664/8/2 662/6/2
f 665/5/2 666/6/2 667/7/2
f 665/5/2 668/8/2 666/6/2
f 669/5/2 670/6/2 671/7/2
f 669/5/2 672/8/2 670/6/2
f 673/5/2 674/6/2 675/7/2
f 673/5/2 676/8/2 674/6/2
f 677/5/2 678/6/2 679/7/2
f 677/5/2 680/8/2 678/6/2
f 681/5/2 682/6/2 683/7/2
f 681/5/2 684/8/2 682/6/2
f 685/5/2 686/6/2 687/7/2
f 685/5/2 688/8/2 686/6/2
f 689/5/2 690/6/2 691/7/2
f 689/5/2 692/8/2 690/6/2
f 693/5/2 694/6/2 695/7/2
f 693/5/2 696/8/2 694/6/2
f 697/5/2 698/6/2 699/7/2
f 697/5/2 700/8/2 698/6/2
f 701/5/2 702/6/2 703/7/2
f 701/5/2 704/8/2 702/6/2
f 705/5/2 706/6/2 707/7/2
f 705/5/2 708/8/2 706/6/2
f 709/5/2 710/6/2 711/7/2
f 709/5/2 712/8/2 710/6/2
f 713/5/2 714/6/2 715/7/2
f 713/5/2 716/8/2 714/6/2
f 717/5/2 718/6/2 719/7/2
f 717/5/2 720/8/2 718/6/2
f 721/5/2 722/6/2 723/7/2
f 721/5/2 724/8/2 722/6/2
f 725/5/2 726/6/2 727/7/2
f 725/5/2 728/8/2 726/6/2
f 729/5/2 730/6/2 731/7/2
f 729/5/2 732/8/2 730/6/2
f 733/5/2 734/6/2 735/7/2
f 733/5/2 736/8/2 734/6/2
f 737/5/2 738/6/2 739/7/2
f 737/5/2 740/8/2 738/6/2
f 741/5/2 742/6/2 743/7/2
f 741/5/2 744/8/2 742/6/2
f 745/5/2 746/6/2 747/7/2
f 745/5/2 748/8/2 746/6/2
f 749/5/2 750/6/2 751/7/2
f 749/5/2 752/8/2 750/6/2
f 753/5/2 754/6/2 755/7/2
f 753/5/2 756/8/2 754/6/2
f 757/5/2 758/6/2 759/7/2
f 757/5/2 760/8/2 758/6/2
f 761/5/2 762/6/2 763/7/2
f 761/5/2 764/8/2 762/6/2
f 765/5/2 766/6/2 767/7/2
f 765/5/2 768/8/2 766/6/2
f 769/5/2 770/6/2 771/7/2
f 769/5/2 772/8/2 770/6/2
f 773/5/2 774/6/2 775/7/2
f 773/5/2 776/8/2 774/6/2
f 777/5/2 778/6/2 779/7/2
f 777/5/2 780/8/2 778/6/2
f 781/5/2 782/6/2 783/7/2
f 781/5/2 784/8/2 782/6/2
f 785/5/2 786/6/2 787/7/2
f 785/5/2 788/8/2 786/6/2
f 789/1/1 790/2/1 791/3/1
f 789/1/1 792/4/1 790/2/1
f 793/1/1 794/2/1 795/3/1
f 793/1/1 796/4/1 794/2/1
f 797/1/1 798/2/1 799/3/1
f 797/1/1 800/4/1 798/2/1
f 801/1/1 802/2/1 803/3/1
f 801/1/1 804/4/1 802/2/1
f 805/1/1 806/2/1 807/3/1
f 805/1/1 808/4/1 806/2/1
f 809/1/1 810/2/1 811/3/1
f 809/1/1 812/4/1 810/2/1
f 813/1/1 814/2/1 815/3/1
f 813/1/1 816/4/1 814/2/1
f 817/1/1 818/2/1 819/3/1
f 817/1/1 820/4/1 818/2/1
f 821/1/4 822/2/4 823/3/4
f 821/1/4 824/4/4 822/2/4
f 825/1/1 826/2/1 827/3/1
f 825/1/1 828/4/1 826/2/1
f 829/1/4 830/2/4 831/3/4
f 829/1/4 832/4/4 830/2/4
f 833/1/1 834/2/1 835/3/1
f 833/1/1 836/4/1 834/2/1
f 837/1/1 838/2/1 839/3/1
f 837/1/1 840/4/1 838/2/1
f 841/1/1 842/2/1 843/3/1
f 841/1/1 844/4/1 842/2/1
f 845/1/1 846/2/1 847/3/1
f 845/1/1 848/4/1 846/2/1
f 849/1/1 850/2/1 851/3/1
f 849/1/1 852/4/1 850/2/1
f 853/1/1 854/2/1 855/3/1
f 853/1/1 856/4/1 854/2/1
f 857/1/4 858/2/4 859/3/4
f 857/1/4 860/4/4 858/2/4
f 861/1/4 862/2/4 863/3/4
f 861/1/4 864/4/4 862/2/4
f 865/1/4 866/2/4 867/3/4
f 865/1/4 868/4/4 866/2/4
f 869/1/4 870/2/4 871/3/4
f 869/1/4 872/4/4 870/2/4
f 873/1/4 874/2/4 875/3/4
f 873/1/4 876/4/4 874/2/4
f 877/1/4 878/2/4 879/3/4
f 877/1/4 880/4/4 878/2/4
f 881/1/4 882/2/4 883/3/4
f 881/1/4 884/4/4 882/2/4
f 885/1/4 886/2/4 887/3/4
f 885/1/4 888/4/4 886/2/4
f 889/1/4 890/2/4 891/3/4
f 889/1/4 892/4/4 890/2/4
f 893/1/4 894/2/4 895/3/4
f 893/1/4 896/4/4 894/2/4
f 897/1/4 898/2/4 899/3/4
f 897/1/4 900/4/4 898/2/4
f 901/1/4 902/2/4 903/3/4
f 901/1/4 904/4/4 902/2/4
f 905/1/4 906/2/4 907/3/4
f 905/1/4 908/4/4 906/2/4
f 909/1/4 910/2/4 911/3/4
f 909/1/4 912/4/4 910/2/4
f 913/1/4 914/2/4 915/3/4
f 913/1/4 916/4/4 914/2/4
f 917/1/4 918/2/4 919/3/4
f 917/1/4 920/4/4 918/2/4
f 921/1/1 922/2/1 923/3/1
f 921/1/1 924/4/1 922/2/1
f 925/1/4 926/2/4 927/3/4
f 925/1/4 928/4/4 926/2/4
f 929/1/4 930/2/4 931/3/4
f 929/1/4 932/4/4 930/2/4
f 933/1/4 934/2/4 935/3/4
f 933/1/4 936/4/4 934/2/4
f 937/1/6 938/2/6 939/3/6
f 937/1/6 940/4/6 938/2/6
f 941/1/4 942/2/4 943/3/4
f 941/1/4 944/4/4 942/2/4
f 945/1/1 946/2/1 947/3/1
f 945/1/1 948/4/1 946/2/1
f 949/1/4 950/2/4 951/3/4
f 949/1/4 952/4/4 950/2/4
f 953/1/7 954/2/7 955/3/7
f 953/1/7 956/4/7 954/2/7
f 957/1/8 958/2/8 959/3/8
f 957/1/8 960/4/8 958/2/8
f 961/1/8 962/2/8 963/3/8
f 961/1/8 964/4/8 962/2/8
f 965/1/8 966/2/8 967/3/8
f 965/1/8 968/4/8 966/2/8
f 969/1/8 970/2/8 971/3/8
f 969/1/8 972/4/8 970/2/8
f 973/1/8 974/2/8 975/3/8
f 973/1/8 976/4/8 974/2/8
f 977/1/8 978/2/8 979/3/8
f 977/1/8 980/4/8 978/2/8
f 981/1/8 982/2/8 983/3/8
f 981/1/8 984/4/8 982/2/8
f 985/1/8 986/2/8 987/3/8
f 985/1/8 988/4/8 986/2/8
f 989/1/8 990/2/8 991/3/8
f 989/1/8 992/4/8 990/2/8
f 993/1/8 994/2/8 995/3/8
f 993/1/8 996/4/8 994/2/8
f 997/1/8 998/2/8 999/3/8
f 997/1/8 1000/4/8 998/2/8
f 1001/1/8 1002/2/8 1003/3/8
f 1001/1/8 1004/4/8 1002/2/8
f 1005/1/8 1006/2/8 1007/3/8
f 1005/1/8 1008/4/8 1006/2/8
f 1009/1/8 1010/2/8 1011/3/8
f 1009/1/8 1012/4/8 1010/2/8
f 1013/1/8 1014/2/8 1015/3/8
f 1013/1/8 1016/4/8 1014/2/8
f 1017/1/8 1018/2/8 1019/3/8
f 1017/1/8 1020/4/8 1018/2/8
f 1021/1/8 1022/2/8 1023/3/8
f 1021/1/8 1024/4/8 1022/2/8
f 1025/1/8 1026/2/8 1027/3/8
f 1025/1/8 1028/4/8 1026/2/8
f 1029/1/8 1030/2/8 1031/3/8
f 1029/1/8 1032/4/8 1030/2/8
f 1033/1/7 1034/2/7 1035/3/7
f 1033/1/7 1036/4/7 1034/2/7
f 1037/1/7 1038/2/7 1039/3/7
f 1037/1/7 1040/4/7 1038/2/7
f 1041/1/7 1042/2/7 1043/3/7
f 1041/1/7 1044/4/7 1042/2/7
f 1045/1/7 1046/2/7 1047/3/7
f 1045/1/7 1048/4/7 1046/2/7
f 1049/1/7 1050/2/7 1051/3/7
f 1049/1/7 1052/4/7 1050/2/7
f 1053/1/7 1054/2/7 1055/3/7
f 1053/1/7 1056/4/7 1054/2/7
f 1057/1/7 1058/2/7 1059/3/7
f 1057/1/7 1060/4/7 1058/2/7
f 1061/1/7 1062/2/7 1063/3/7
f 1061/1/7 1064/4/7 1062/2/7
f 1065/1/7 1066/2/7 1067/3/7
f 1065/1/7 1068/4/7 1066/2/7
f 1069/1/7 1070/2/7 1071/3/7
f 1069/1/7 1072/4/7 1070/2/7
f 1073/1/7 1074/2/7 1075/3/7
f 1073/1/7 1076/4/7 1074/2/7
f 1077/1/7 1078/2/7 1079/3/7
f 1077/1/7 1080/4/7 1078/2/7
f 1081/1/7 1082/2/7 1083/3/7
f 1081/1/7 1084/4/7 1082/2/7
f 1085/1/7 1086/2/7 1087/3/7
f 1085/1/7 1088/4/7 1086/2/7
f 1089/1/7 1090/2/7 1091/3/7
f 1089/1/7 1092/4/7 1090/2/7
f 1093/1/7 1094/2/7 1095/3/7
f 1093/1/7 1096/4/7 1094/2/7
f 1097/1/7 1098/2/7 1099/3/7
f 1097/1/7 1100/4/7 1098/2/7
f 1101/1/7 1102/2/7 1103/3/7
f 1101/1/7 1104/4/7 1102/2/7
f 1105/1/7 1106/2/7 1107/3/7
f 1105/1/7 1108/4/7 1106/2/7
f 1109/1/7 1110/2/7 1111/3/7
f 1109/1/7 1112/4/7 1110/2/7
f 1113/1/7 1114/2/7 1115/3/7
f 1113/1/7 1116/4/7 1114/2/7
f 1117/1/7 1118/2/7 1119/3/7
f 1117/1/7 1120/4/7 1118/2/7
f 1121/1/7 1122/2/7 1123/3/7
f 1121/1/7 1124/4/7 1122/2/7
f 1125/1/8 1126/2/8 1127/3/8
f 1125/1/3 1128/4/3 1126/2/3
f 1129/1/3 1130/4/3 1131/3/3
f 1130/4/7 1132/2/7 1131/3/7
f 1133/5/2 1134/6/2 1135/7/2
f 1133/5/2 1136/8/2 1134/6/2
f 1137/1/7 1138/2/7 1139/3/7
f 1137/1/9 1140/4/9 1138/2/9
f 1141/1/1 1142/2/1 1143/3/1
f 1141/1/3 1144/4/3 1142/2/3
f 1145/1/1 1146/2/1 1147/3/1
f 1145/1/1 1148/4/1 1146/2/1
f 1149/1/1 1150/2/1 1151/3/1
f 1149/1/1 1152/4/1 1150/2/1
f 1153/1/1 1154/2/1 1155/3/1
f 1153/1/1 1156/4/1 1154/2/1
f 1157/1/1 1158/2/1 1159/3/1
f 1157/1/1 1160/4/1 1158/2/1
f 1161/1/4 1162/2/4 1163/3/4
f 1161/1/4 1164/4/4 1162/2/4
f 1165/1/1 1166/2/1 1167/3/1
f 1165/1/1 1168/4/1 1166/2/1
f 1169/1/4 1170/2/4 1171/3/4
f 1169/1/4 1172/4/4 1170/2/4
f 1173/9/3 1174/1/3 1175/11/3
f 1173/9/3 1176/4/3 1174/1/3
f 1177/1/7 1178/2/7 1179/3/7
f 1177/1/7 1180/4/7 1178/2/7
f 1181/9/2 1182/1/2 1183/11/2
f 1181/9/2 1184/4/2 1182/1/2
f 1185/9/2 1186/1/2 1187/11/2
f 1185/9/2 1188/4/2 1186/1/2
f 1189/9/3 1190/1/3 1191/11/3
f 1189/9/3 1192/4/3 1190/1/3
f 1193/1/1 1194/2/1 1195/3/1
f 1193/1/1 1196/4/1 1194/2/1
f 1197/1/1 1198/2/1 1199/3/1
f 1197/1/3 1200/4/3 1198/2/3
f 1201/1/4 1202/2/4 1203/3/4
f 1201/1/4 1204/4/4 1202/2/4
f 1205/1/7 1206/2/7 1207/3/7
f 1205/1/7 1208/4/7 1206/2/7
f 1209/1/4 1210/2/4 1211/3/4
f 1209/1/4 1212/4/4 1210/2/4
f 1213/1/7 1214/2/7 1215/3/7
f 1213/1/7 1216/4/7 1214/2/7
f 1217/1/7 1218/2/7 1219/3/7
f 1217/1/7 1220/4/7 1218/2/7
f 1221/9/2 1222/1/2 1223/11/2
f 1221/9/2 1224/4/2 1222/1/2
f 1225/1/1 1226/2/1 1227/3/1
f 1225/1/1 1228/4/1 1226/2/1
f 1229/9/2 1230/10/2 1231/11/2
f 1229/9/2 1232/12/2 1230/10/2
f 1233/9/2 1234/10/2 1235/11/2
f 1233/9/2 1236/12/2 1234/10/2
f 1237/9/2 1238/10/2 1239/11/2
f 1237/9/2 1240/12/2 1238/10/2
f 1241/9/2 1242/10/2 1243/11/2
f 1241/9/2 1244/12/2 1242/10/2
f 1245/9/2 1246/10/2 1247/11/2
f 1245/9/2 1248/12/2 1246/10/2
f 1249/9/2 1250/10/2 1251/11/2
f 1249/9/2 1252/12/2 1250/10/2
f 1253/9/2 1254/10/2 1255/11/2
f 1253/9/2 1256/12/2 1254/10/2
f 1257/9/2 1258/10/2 1259/11/2
f 1257/9/2 1260/12/2 1258/10/2
f 1261/9/2 1262/10/2 1263/11/2
f 1261/9/2 1264/12/2 1262/10/2
f 1265/9/2 1266/10/2 1267/11/2
f 1265/9/2 1268/12/2 1266/10/2
f 1269/9/2 1270/10/2 1271/11/2
f 1269/9/2 1272/12/2 1270/10/2
f 1273/9/2 1274/10/2 1275/11/2
f 1273/9/2 1276/12/2 1274/10/2
f 1277/9/2 1278/10/2 1279/11/2
f 1277/9/2 1280/12/2 1278/10/2
f 1281/9/2 1282/10/2 1283/11/2
f 1281/9/2 1284/12/2 1282/10/2
f 1285/9/2 1286/10/2 1287/11/2
f 1285/9/2 1288/12/2 1286/10/2
f 1289/9/2 1290/10/2 1291/11/2
f 1289/9/2 1292/12/2 1290/10/2
f 1293/9/2 1294/10/2 1295/11/2
f 1293/9/2 1296/12/2 1294/10/2
f 1297/9/2 1298/10/2 1299/11/2
f 1297/9/2 1300/12/2 1298/10/2
f 1301/9/2 1302/10/2 1303/11/2
f 1301/9/2 1304/12/2 1302/10/2
f 1305/9/2 1306/10/2 1307/11/2
f 1305/9/2 1308/12/2 1306/10/2
f 1309/9/2 1310/10/2 1311/11/2
f 1309/9/2 1312/12/2 1310/10/2
f 1313/9/2 1314/10/2 1315/11/2
f 1313/9/2 1316/12/2 1314/10/2
f 1317/9/2 1318/10/2 1319/11/2
f 1317/9/2 1320/12/2 1318/10/2
f 1321/9/2 1322/10/2 1323/11/2
f 1321/9/2 1324/12/2 1322/10/2
f 1325/9/2 1326/10/2 1327/11/2
f 1325/9/2 1328/12/2 1326/10/2
f 1329/9/2 1330/10/2 1331/11/2
f 1329/9/2 1332/12/2 1330/10/2
f 1333/9/2 1334/10/2 1335/11/2
f 1333/9/2 1336/12/2 1334/10/2
f 1337/9/2 1338/10/2 1339/11/2
f 1337/9/2 1340/12/2 1338/10/2
f 1341/9/2 1342/10/2 1343/11/2
f 1341/9/2 1344/12/2 1342/10/2
f 1345/9/2 1346/10/2 1347/11/2
f 1345/9/2 1348/12/2 1346/10/2
f 1349/9/2 1350/10/2 1351/11/2
f 1349/9/2 1352/12/2 1350/10/2
f 1353/9/2 1354/10/2 1355/11/2
f 1353/9/2 1356/12/2 1354/10/2
f 1357/9/2 1358/10/2 1359/11/2
f 1357/9/2 1360/12/2 1358/10/2
f 1361/9/2 1362/10/2 1363/11/2
f 1361/9/2 1364/12/2 1362/10/2
f 1365/9/2 1366/10/2 1367/11/2
f 1365/9/2 1368/12/2 1366/10/2
f 1369/9/2 1370/10/2 1371/11/2
f 1369/9/2 1372/12/2 1370/10/2
f 1373/9/2 1374/10/2 1375/11/2
f 1373/9/2 1376/12/2 1374/10/2
f 1377/9/2 1378/10/2 1379/11/2
f 1377/9/2 1380/12/2 1378/10/2
f 1381/9/2 1382/10/2 1383/11/2
f 1381/9/2 1384/12/2 1382/10/2
f 1385/9/2 1386/10/2 1387/11/2
f 1385/9/2 1388/12/2 1386/10/2
f 1389/9/2 1390/10/2 1391/11/2
f 1389/9/2 1392/12/2 1390/10/2
f 1393/9/2 1394/10/2 1395/11/2
f 1393/9/2 1396/12/2 1394/10/2
f 1397/9/2 1398/10/2 1399/11/2
f 1397/9/2 1400/12/2 1398/10/2
f 1401/9/2 1402/10/2 1403/11/2
f 1401/9/2 1404/12/2 1402/10/2
f 1405/9/2 1406/10/2 1407/11/2
f 1405/9/2 1408/12/2 1406/10/2
f 1409/9/2 1410/10/2 1411/11/2
f 1409/9/2 1412/12/2 1410/10/2
f 1413/9/2 1414/10/2 1415/11/2
f 1413/9/2 1416/12/2 1414/10/2
f 1417/9/2 1418/10/2 1419/11/2
f 1417/9/2 1420/12/2 1418/10/2
f 1421/9/2 1422/10/2 1423/11/2
f 1421/9/2 1424/12/2 1422/10/2
f 1425/9/2 1426/10/2 1427/11/2
f 1425/9/2 1428/12/2 1426/10/2
f 1429/9/2 1430/10/2 1431/11/2
f 1429/9/2 1432/12/2 1430/10/2
f 1433/9/2 1434/10/2 1435/11/2
f 1433/9/2 1436/12/2 1434/10/2
f 1437/9/2 1438/10/2 1439/11/2
f 1437/9/2 1440/12/2 1438/10/2
f 1441/9/2 1442/10/2 1443/11/2
f 1441/9/2 1444/12/2 1442/10/2
f 1445/9/2 1446/10/2 1447/11/2
f 1445/9/2 1448/12/2 1446/10/2
f 1449/9/2 1450/10/2 1451/11/2
f 1449/9/2 1452/12/2 1450/10/2
f 1453/9/2 1454/10/2 1455/11/2
f 1453/9/2 1456/12/2 1454/10/2
f 1457/9/2 1458/10/2 1459/11/2
f 1457/9/2 1460/12/2 1458/10/2
f 1461/9/2 1462/10/2 1463/11/2
f 1461/9/2 1464/12/2 1462/10/2
f 1465/9/2 1466/10/2 1467/11/2
f 1465/9/2 1468/12/2 1466/10/2
f 1469/9/2 1470/10/2 1471/11/2
f 1469/9/2 1472/12/2 1470/10/2
f 1473/9/2 1474/10/2 1475/11/2
f 1473/9/2 1476/12/2 1474/10/2
f 1477/9/2 1478/10/2 1479/11/2
f 1477/9/2 1480/12/2 1478/10/2
f 1481/9/2 1482/10/2 1483/11/2
f 1481/9/2 1484/12/2 1482/10/2
f 1485/9/2 1486/10/2 1487/11/2
f 1485/9/2 1488/12/2 1486/10/2
f 1489/9/2 1490/10/2 1491/11/2
f 1489/9/2 1492/12/2 1490/10/2
f 1493/9/2 1494/10/2 1495/11/2
f 1493/9/2 1496/12/2 1494/10/2
f 1497/9/2 1498/10/2 1499/11/2
f 1497/9/2 1500/12/2 1498/10/2
f 1501/9/2 1502/10/2 1503/11/2
f 1501/9/2 1504/12/2 1502/10/2
f 1505/9/2 1506/10/2 1507/11/2
f 1505/9/2 1508/12/2 1506/10/2
f 1509/9/2 1510/10/2 1511/11/2
f 1509/9/2 1512/12/2 1510/10/2
f 1513/9/2 1514/10/2 1515/11/2
f 1513/9/2 1516/12/2 1514/10/2
f 1517/9/2 1518/10/2 1519/11/2
f 1517/9/2 1520/12/2 1518/10/2
f 1521/9/2 1522/10/2 1523/11/2
f 1521/9/2 1524/12/2 1522/10/2
f 1525/9/2 1526/10/2 1527/11/2
f 1525/9/2 1528/12/2 1526/10/2
f 1529/9/2 1530/10/2 1531/11/2
f 1529/9/2 1532/12/2 1530/10/2
f 1533/9/2 1534/10/2 1535/11/2
f 1533/9/2 1536/12/2 1534/10/2
f 1537/9/2 1538/10/2 1539/11/2
f 1537/9/2 1540/12/2 1538/10/2
f 1541/9/2 1542/10/2 1543/11/2
f 1541/9/2 1544/12/2 1542/10/2
f 1545/9/2 1546/10/2 1547/11/2
f 1545/9/2 1548/12/2 1546/10/2
f 1549/9/2 1550/10/2 1551/11/2
f 1549/9/2 1552/12/2 1550/10/2
f 1553/9/2 1554/10/2 1555/11/2
f 1553/9/2 1556/12/2 1554/10/2
f 1557/9/2 1558/10/2 1559/11/2
f 1557/9/2 1560/12/2 1558/10/2
f 1561/9/2 1562/10/2 1563/11/2
f 1561/9/2 1564/12/2 1562/10/2
f 1565/9/2 1566/10/2 1567/11/2
f 1565/9/2 1568/12/2 1566/10/2
f 1569/9/2 1570/10/2 1571/11/2
f 1569/9/2 1572/12/2 1570/10/2
f 1573/9/2 1574/10/2 1575/11/2
f 1573/9/2 1576/12/2 1574/10/2
f 1577/9/2 1578/10/2 1579/11/2
f 1577/9/2 1580/12/2 1578/10/2
f 1581/9/2 1582/10/2 1583/11/2
f 1581/9/2 1584/12/2 1582/10/2
f 1585/9/2 1586/10/2 1587/11/2
f 1585/9/2 1588/12/2 1586/10/2
f 1589/9/2 1590/10/2 1591/11/2
f 1589/9/2 1592/12/2 1590/10/2
f 1593/9/2 1594/10/2 1595/11/2
f 1593/9/2 1596/12/2 1594/10/2
f 1597/9/2 1598/10/2 1599/11/2
f 1597/9/2 1600/12/2 1598/10/2
f 1601/9/2 1602/10/2 1603/11/2
f 1601/9/2 1604/12/2 1602/10/2
f 1605/9/2 1606/10/2 1607/11/2
f 1605/9/2 1608/12/2 1606/10/2
f 1609/9/2 1610/10/2 1611/11/2
f 1609/9/2 1612/12/2 1610/10/2
f 1613/9/2 1614/10/2 1615/11/2
f 1613/9/2 1616/12/2 1614/10/2
f 1617/9/2 1618/10/2 1619/11/2
f 1617/9/2 1620/12/2 1618/10/2
f 1621/9/2 1622/10/2 1623/11/2
f 1621/9/2 1624/12/2 1622/10/2
f 1625/9/2 1626/10/2 1627/11/2
f 1625/9/2 1628/12/2 1626/10/2
f 1629/9/2 1630/10/2 1631/11/2
f 1629/9/2 1632/12/2 1630/10/2
f 1633/9/2 1634/10/2 1635/11/2
f 1633/9/2 1636/12/2 1634/10/2
f 1637/9/2 1638/10/2 1639/11/2
f 1637/9/2 1640/12/2 1638/10/2
f 1641/9/2 1642/10/2 1643/11/2
f 1641/9/2 1644/12/2 1642/10/2
f 1645/9/2 1646/10/2 1647/11/2
f 1645/9/2 1648/12/2 1646/10/2
f 1649/9/2 1650/10/2 1651/11/2
f 1649/9/2 1652/12/2 1650/10/2
f 1653/9/2 1654/10/2 1655/11/2
f 1653/9/2 1656/12/2 1654/10/2
f 1657/9/2 1658/10/2 1659/11/2
f 1657/9/2 1660/12/2 1658/10/2
f 1661/9/2 1662/10/2 1663/11/2
f 1661/9/2 1664/12/2 1662/10/2
f 1665/9/2 1666/10/2 1667/11/2
f 1665/9/2 1668/12/2 1666/10/2
f 1669/9/2 1670/10/2 1671/11/2
f 1669/9/2 1672/12/2 1670/10/2
f 1673/9/2 1674/10/2 1675/11/2
f 1673/9/2 1676/12/2 1674/10/2
f 1677/9/2 1678/10/2 1679/11/2
f 1677/9/2 1680/12/2 1678/10/2
f 1681/9/2 1682/10/2 1683/11/2
f 1681/9/2 1684/12/2 1682/10/2
f 1685/9/2 1686/10/2 1687/11/2
f 1685/9/2 1688/12/2 1686/10/2
f 1689/9/2 1690/10/2 1691/11/2
f 1689/9/2 1692/12/2 1690/10/2
f 1693/9/2 1694/10/2 1695/11/2
f 1693/9/2 1696/12/2 1694/10/2
f 1697/9/2 1698/10/2 1699/11/2
f 1697/9/2 1700/12/2 1698/10/2
f 1701/9/2 1702/10/2 1703/11/2
f 1701/9/2 1704/12/2 1702/10/2
f 1705/9/2 1706/10/2 1707/11/2
f 1705/9/2 1708/12/2 1706/10/2
f 1709/9/2 1710/10/2 1711/11/2
f 1709/9/2 1712/12/2 1710/10/2
f 1713/9/2 1714/10/2 1715/11/2
f 1713/9/2 1716/12/2 1714/10/2
f 1717/9/2 1718/10/2 1719/11/2
f 1717/9/2 1720/12/2 1718/10/2
f 1721/9/2 1722/10/2 1723/11/2
f 1721/9/2 1724/12/2 1722/10/2
f 1725/9/2 1726/10/2 1727/11/2
f 1725/9/2 1728/12/2 1726/10/2
f 1729/9/2 1730/10/2 1731/11/2
f 1729/9/2 1732/12/2 1730/10/2
f 1733/9/2 1734/10/2 1735/11/2
f 1733/9/2 1736/12/2 1734/10/2
f 1737/9/2 1738/10/2 1739/11/2
f 1737/9/2 1740/12/2 1738/10/2
f 1741/9/2 1742/10/2 1743/11/2
f 1741/9/2 1744/12/2 1742/10/2
f 1745/9/2 1746/10/2 1747/11/2
f 1745/9/2 1748/12/2 1746/10/2
f 1749/9/2 1750/10/2 1751/11/2
f 1749/9/2 1752/12/2 1750/10/2
f 1753/9/2 1754/10/2 1755/11/2
f 1753/9/2 1756/12/2 1754/10/2
f 1757/9/2 1758/10/2 1759/11/2
f 1757/9/2 1760/12/2 1758/10/2
f 1761/9/2 1762/10/2 1763/11/2
f 1761/9/2 1764/12/2 1762/10/2
f 1765/9/2 1766/10/2 1767/11/2
f 1765/9/2 1768/12/2 1766/10/2
f 1769/9/2 1770/10/2 1771/11/2
f 1769/9/2 1772/12/2 1770/10/2
f 1773/9/2 1774/10/2 1775/11/2
f 1773/9/2 1776/12/2 1774/10/2
f 1777/9/2 1778/10/2 1779/11/2
f 1777/9/2 1780/12/2 1778/10/2
f 1781/9/2 1782/10/2 1783/11/2
f 1781/9/2 1784/12/2 1782/10/2
f 1785/9/2 1786/10/2 1787/11/2
f 1785/9/2 1788/12/2 1786/10/2
f 1789/9/2 1790/10/2 1791/11/2
f 1789/9/2 1792/12/2 1790/10/2
f 1793/9/2 1794/10/2 1795/11/2
f 1793/9/2 1796/12/2 1794/10/2
f 1797/9/2 1798/10/2 1799/11/2
f 1797/9/2 1800/12/2 1798/10/2
f 1801/9/2 1802/10/2 1803/11/2
f 1801/9/2 1804/12/2 1802/10/2
f 1805/9/2 1806/10/2 1807/11/2
f 1805/9/2 1808/12/2 1806/10/2
f 1809/9/2 1810/10/2 1811/11/2
f 1809/9/2 1812/12/2 1810/10/2
f 1813/9/2 1814/10/2 1815/11/2
f 1813/9/2 1816/12/2 1814/10/2
f 1817/9/2 1818/10/2 1819/11/2
f 1817/9/2 1820/12/2 1818/10/2
f 1821/9/2 1822/10/2 1823/11/2
f 1821/9/2 1824/12/2 1822/10/2
f 1825/9/2 1826/10/2 1827/11/2
f 1825/9/2 1828/12/2 1826/10/2
f 1829/9/2 1830/10/2 1831/11/2
f 1829/9/2 1832/12/2 1830/10/2
f 1833/9/2 1834/10/2 1835/11/2
f 1833/9/2 1836/12/2 1834/10/2
f 1837/9/2 1838/10/2 1839/11/2
f 1837/9/2 1840/12/2 1838/10/2
f 1841/9/2 1842/10/2 1843/11/2
f 1841/9/2 1844/12/2 1842/10/2
f 1845/9/2 1846/10/2 1847/11/2
f 1845/9/2 1848/12/2 1846/10/2
f 1849/9/2 1850/10/2 1851/11/2
f 1849/9/2 1852/12/2 1850/10/2
f 1853/9/2 1854/10/2 1855/11/2
f 1853/9/2 1856/12/2 1854/10/2
f 1857/9/2 1858/10/2 1859/11/2
f 1857/9/2 1860/12/2 1858/10/2
f 1861/9/2 1862/10/2 1863/11/2
f 1861/9/2 1864/12/2 1862/10/2
f 1865/9/2 1866/10/2 1867/11/2
f 1865/9/2 1868/12/2 1866/10/2
f 1869/9/2 1870/10/2 1871/11/2
f 1869/9/2 1872/12/2 1870/10/2
f 1873/9/2 1874/10/2 1875/11/2
f 1873/9/2 1876/12/2 1874/10/2
f 1877/9/2 1878/10/2 1879/11/2
f 1877/9/2 1880/12/2 1878/10/2
f 1881/9/2 1882/10/2 1883/11/2
f 1881/9/2 1884/12/2 1882/10/2
f 1885/9/2 1886/10/2 1887/11/2
f 1885/9/2 1888/12/2 1886/10/2
f 1889/9/2 1890/10/2 1891/11/2
f 1889/9/2 1892/12/2 1890/10/2
f 1893/9/2 1894/10/2 1895/11/2
f 1893/9/2 1896/12/2 1894/10/2
f 1897/9/2 1898/10/2 1899/11/2
f 1897/9/2 1900/12/2 1898/10/2
f 1901/9/2 1902/10/2 1903/11/2
f 1901/9/2 1904/12/2 1902/10/2
f 1905/9/2 1906/10/2 1907/11/2
f 1905/9/2 1908/12/2 1906/10/2
f 1909/9/2 1910/10/2 1911/11/2
f 1909/9/2 1912/12/2 1910/10/2
f 1913/9/2 1914/10/2 1915/11/2
f 1913/9/2 1916/12/2 1914/10/2
f 1917/9/2 1918/10/2 1919/11/2
f 1917/9/2 1920/12/2 1918/10/2
f 1921/9/2 1922/10/2 1923/11/2
f 1921/9/2 1924/12/2 1922/10/2
f 1925/9/2 1926/10/2 1927/11/2
f 1925/9/2 1928/12/2 1926/10/2
f 1929/9/2 1930/10/2 1931/11/2
f 1929/9/2 1932/12/2 1930/10/2
f 1933/9/2 1934/10/2 1935/11/2
f 1933/9/2 1936/12/2 1934/10/2
f 1937/9/2 1938/10/2 1939/11/2
f 1937/9/2 1940/12/2 1938/10/2
f 1941/9/2 1942/10/2 1943/11/2
f 1941/9/2 1944/12/2 1942/10/2
f 1945/9/2 1946/10/2 1947/11/2
f 1945/9/2 1948/12/2 1946/10/2
f 1949/9/2 1950/10/2 1951/11/2
f 1949/9/2 1952/12/2 1950/10/2
f 1953/9/2 1954/10/2 1955/11/2
f 1953/9/2 1956/12/2 1954/10/2
f 1957/9/2 1958/10/2 1959/11/2
f 1957/9/2 1960/12/2 1958/10/2
f 1961/9/2 1962/10/2 1963/11/2
f 1961/9/2 1964/12/2 1962/10/2
f 1965/9/2 1966/10/2 1967/11/2
f 1965/9/2 1968/12/2 1966/10/2
f 1969/9/2 1970/10/2 1971/11/2
f 1969/9/2 1972/12/2 1970/10/2
f 1973/9/2 1974/10/2 1975/11/2
f 1973/9/2 1976/12/2 1974/10/2
f 1977/9/2 1978/10/2 1979/11/2
f 1977/9/2 1980/12/2 1978/10/2
f 1981/9/2 1982/10/2 1983/11/2
f 1981/9/2 1984/12/2 1982/10/2
f 1985/9/2 1986/10/2 1987/11/2
f 1985/9/2 1988/12/2 1986/10/2
f 1989/9/2 1990/10/2 1991/11/2
f 1989/9/2 1992/12/2 1990/10/2
f 1993/9/2 1994/10/2 1995/11/2
f 1993/9/2 1996/12/2 1994/10/2
f 1997/9/2 1998/10/2 1999/11/2
f 1997/9/2 2000/12/2 1998/10/2
f 2001/9/2 2002/10/2 2003/11/2
f 2001/9/2 2004/12/2 2002/10/2
f 2005/9/2 2006/10/2 2007/11/2
f 2005/9/2 2008/12/2 2006/10/2
f 2009/9/2 2010/10/2 2011/11/2
f 2009/9/2 2012/12/2 2010/10/2
f 2013/9/2 2014/10/2 2015/11/2
f 2013/9/2 2016/12/2 2014/10/2
f 2017/9/2 2018/10/2 2019/11/2
f 2017/9/2 2020/12/2 2018/10/2
f 2021/9/2 2022/10/2 2023/11/2
f 2021/9/2 2024/12/2 2022/10/2
f 2025/9/2 2026/10/2 2027/11/2
f 2025/9/2 2028/12/2 2026/10/2
f 2029/9/2 2030/10/2 2031/11/2
f 2029/9/2 2032/12/2 2030/10/2
f 2033/9/2 2034/10/2 2035/11/2
f 2033/9/2 2036/12/2 2034/10/2
f 2037/9/2 2038/10/2 2039/11/2
f 2037/9/2 2040/12/2 2038/10/2
f 2041/9/2 2042/10/2 2043/11/2
f 2041/9/2 2044/12/2 2042/10/2
f 2045/9/2 2046/10/2 2047/11/2
f 2045/9/2 2048/12/2 2046/10/2
f 2049/9/2 2050/10/2 2051/11/2
f 2049/9/2 2052/12/2 2050/10/2
f 2053/9/2 2054/10/2 2055/11/2
f 2053/9/2 2056/12/2 2054/10/2
f 2057/9/2 2058/10/2 2059/11/2
f 2057/9/2 2060/12/2 2058/10/2
f 2061/9/2 2062/10/2 2063/11/2
f 2061/9/2 2064/12/2 2062/10/2
f 2065/9/2 2066/10/2 2067/11/2
f 2065/9/2 2068/12/2 2066/10/2
f 2069/9/2 2070/10/2 2071/11/2
f 2069/9/2 2072/12/2 2070/10/2
f 2073/9/2 2074/10/2 2075/11/2
f 2073/9/2 2076/12/2 2074/10/2
f 2077/9/2 2078/10/2 2079/11/2
f 2077/9/2 2080/12/2 2078/10/2
f 2081/9/2 2082/10/2 2083/11/2
f 2081/9/2 2084/12/2 2082/10/2
f 2085/9/2 2086/10/2 2087/11/2
f 2085/9/2 2088/12/2 2086/10/2
f 2089/9/2 2090/10/2 2091/11/2
f 2089/9/2 2092/12/2 2090/10/2
f 2093/9/2 2094/10/2 2095/11/2
f 2093/9/2 2096/12/2 2094/10/2
f 2097/9/2 2098/10/2 2099/11/2
f 2097/9/2 2100/12/2 2098/10/2
f 2101/9/2 2102/10/2 2103/11/2
f 2101/9/2 2104/12/2 2102/10/2
f 2105/9/2 2106/10/2 2107/11/2
f 2105/9/2 2108/12/2 2106/10/2
f 2109/9/2 2110/10/2 2111/11/2
f 2109/9/2 2112/12/2 2110/10/2
f 2113/9/2 2114/10/2 2115/11/2
f 2113/9/2 2116/12/2 2114/10/2
f 2117/9/2 2118/10/2 2119/11/2
f 2117/9/2 2120/12/2 2118/10/2
f 2121/9/2 2122/10/2 2123/11/2
f 2121/9/2 2124/12/2 2122/10/2
f 2125/9/2 2126/10/2 2127/11/2
f 2125/9/2 2128/12/2 2126/10/2
f 2129/9/2 2130/10/2 2131/11/2
f 2129/9/2 2132/12/2 2130/10/2
f 2133/9/2 2134/10/2 2135/11/2
f 2133/9/2 2136/12/2 2134/10/2
f 2137/9/2 2138/10/2 2139/11/2
f 2137/9/2 2140/12/2 2138/10/2
f 2141/9/2 2142/10/2 2143/11/2
f 2141/9/2 2144/12/2 2142/10/2
f 2145/9/2 2146/10/2 2147/11/2
f 2145/9/2 2148/12/2 2146/10/2
f 2149/9/2 2150/10/2 2151/11/2
f 2149/9/2 2152/12/2 2150/10/2
f 2153/9/2 2154/10/2 2155/11/2
f 2153/9/2 2156/12/2 2154/10/2
f 2157/9/2 2158/10/2 2159/11/2
f 2157/9/2 2160/12/2 2158/10/2
f 2161/9/2 2162/10/2 2163/11/2
f 2161/9/2 2164/12/2 2162/10/2
f 2165/9/2 2166/10/2 2167/11/2
f 2165/9/2 2168/12/2 2166/10/2
f 2169/9/2 2170/10/2 2171/11/2
f 2169/9/2 2172/12/2 2170/10/2
f 2173/9/2 2174/10/2 2175/11/2
f 2173/9/2 2176/12/2 2174/10/2
f 2177/9/2 2178/10/2 2179/11/2
f 2177/9/2 2180/12/2 2178/10/2
f 2181/9/2 2182/10/2 2183/11/2
f 2181/9/2 2184/12/2 2182/10/2
f 2185/9/2 2186/10/2 2187/11/2
f 2185/9/2 2188/12/2 2186/10/2
f 2189/9/2 2190/10/2 2191/11/2
f 2189/9/2 2192/12/2 2190/10/2
f 2193/9/2 2194/10/2 2195/11/2
f 2193/9/2 2196/12/2 2194/10/2
f 2197/9/2 2198/10/2 2199/11/2
f 2197/9/2 2200/12/2 2198/10/2
f 2201/9/2 2202/10/2 2203/11/2
f 2201/9/2 2204/12/2 2202/10/2
f 2205/9/2 2206/10/2 2207/11/2
f 2205/9/2 2208/12/2 2206/10/2
f 2209/9/2 2210/10/2 2211/11/2
f 2209/9/2 2212/12/2 2210/10/2
f 2213/9/2 2214/10/2 2215/11/2
f 2213/9/2 2216/12/2 2214/10/2
f 2217/9/2 2218/10/2 2219/11/2
f 2217/9/2 2220/12/2 2218/10/2
f 2221/9/2 2222/10/2 2223/11/2
f 2221/9/2 2224/12/2 2222/10/2
f 2225/9/2 2226/10/2 2227/11/2
f 2225/9/2 2228/12/2 2226/10/2
f 2229/9/2 2230/10/2 2231/11/2
f 2229/9/2 2232/12/2 2230/10/2
f 2233/9/2 2234/10/2 2235/11/2
f 2233/9/2 2236/12/2 2234/10/2
f 2237/9/2 2238/10/2 2239/11/2
f 2237/9/2 2240/12/2 2238/10/2
f 2241/9/2 2242/10/2 2243/11/2
f 2241/9/2 2244/12/2 2242/10/2
f 2245/9/2 2246/10/2 2247/11/2
f 2245/9/2 2248/12/2 2246/10/2
f 2249/9/2 2250/10/2 2251/11/2
f 2249/9/2 2252/12/2 2250/10/2
f 2253/9/2 2254/10/2 2255/11/2
f 2253/9/2 2256/12/2 2254/10/2
f 2257/9/2 2258/10/2 2259/11/2
f 2257/9/2 2260/12/2 2258/10/2
f 2261/9/2 2262/10/2 2263/11/2
f 2261/9/2 2264/12/2 2262/10/2
f 2265/9/2 2266/10/2 2267/11/2
f 2265/9/2 2268/12/2 2266/10/2
f 2269/9/2 2270/10/2 2271/11/2
f 2269/9/2 2272/12/2 2270/10/2
f 2273/9/2 2274/10/2 2275/11/2
f 2273/9/2 2276/12/2 2274/10/2
f 2277/9/2 2278/10/2 2279/11/2
f 2277/9/2 2280/12/2 2278/10/2
f 2281/9/2 2282/10/2 2283/11/2
f 2281/9/2 2284/12/2 2282/10/2
f 2285/9/2 2286/10/2 2287/11/2
f 2285/9/2 2288/12/2 2286/10/2
f 2289/9/2 2290/10/2 2291/11/2
f 2289/9/2 2292/12/2 2290/10/2
f 2293/9/2 2294/10/2 2295/11/2
f 2293/9/2 2296/12/2 2294/10/2
f 2297/9/2 2298/10/2 2299/11/2
f 2297/9/2 2300/12/2 2298/10/2
f 2301/9/2 2302/10/2 2303/11/2
f 2301/9/2 2304/12/2 2302/10/2
f 2305/9/2 2306/10/2 2307/11/2
f 2305/9/2 2308/12/2 2306/10/2
f 2309/9/2 2310/10/2 2311/11/2
f 2309/9/2 2312/12/2 2310/10/2
f 2313/9/2 2314/10/2 2315/11/2
f 2313/9/2 2316/12/2 2314/10/2
f 2317/9/2 2318/10/2 2319/11/2
f 2317/9/2 2320/12/2 2318/10/2
f 2321/9/2 2322/10/2 2323/11/2
f 2321/9/2 2324/12/2 2322/10/2
f 2325/9/2 2326/10/2 2327/11/2
f 2325/9/2 2328/12/2 2326/10/2
f 2329/9/2 2330/10/2 2331/11/2
f 2329/9/2 2332/12/2 2330/10/2
f 2333/9/2 2334/10/2 2335/11/2
f 2333/9/2 2336/12/2 2334/10/2
f 2337/9/2 2338/10/2 2339/11/2
f 2337/9/2 2340/12/2 2338/10/2
f 2341/9/2 2342/10/2 2343/11/2
f 2341/9/2 2344/12/2 2342/10/2
f 2345/9/2 2346/10/2 2347/11/2
f 2345/9/2 2348/12/2 2346/10/2
f 2349/9/2 2350/10/2 2351/11/2
f 2349/9/2 2352/12/2 2350/10/2
f 2353/9/2 2354/10/2 2355/11/2
f 2353/9/2 2356/12/2 2354/10/2
f 2357/9/2 2358/10/2 2359/11/2
f 2357/9/2 2360/12/2 2358/10/2
f 2361/9/2 2362/10/2 2363/11/2
f 2361/9/2 2364/12/2 2362/10/2
f 2365/9/2 2366/10/2 2367/11/2
f 2365/9/2 2368/12/2 2366/10/2
f 2369/9/2 2370/10/2 2371/11/2
f 2369/9/2 2372/12/2 2370/10/2
f 2373/9/2 2374/10/2 2375/11/2
f 2373/9/2 2376/12/2 2374/10/2
f 2377/9/2 2378/10/2 2379/11/2
f 2377/9/2 2380/12/2 2378/10/2
f 2381/9/2 2382/10/2 2383/11/2
f 2381/9/2 2384/12/2 2382/10/2
f 2385/9/2 2386/10/2 2387/11/2
f 2385/9/2 2388/12/2 2386/10/2
f 2389/9/2 2390/10/2 2391/11/2
f 2389/9/2 2392/12/2 2390/10/2
f 2393/9/2 2394/10/2 2395/11/2
f 2393/9/2 2396/12/2 2394/10/2
f 2397/9/2 2398/10/2 2399/11/2
f 2397/9/2 2400/12/2 2398/10/2
f 2401/9/2 2402/10/2 2403/11/2
f 2401/9/2 2404/12/2 2402/10/2
f 2405/9/2 2406/10/2 2407/11/2
f 2405/9/2 2408/12/2 2406/10/2
f 2409/9/2 2410/10/2 2411/11/2
f 2409/9/2 2412/12/2 2410/10/2
f 2413/9/2 2414/10/2 2415/11/2
f 2413/9/2 2416/12/2 2414/10/2
f 2417/9/2 2418/10/2 2419/11/2
f 2417/9/2 2420/12/2 2418/10/2
f 2421/9/2 2422/10/2 2423/11/2
f 2421/9/2 2424/12/2 2422/10/2
f 2425/9/2 2426/10/2 2427/11/2
f 2425/9/2 2428/12/2 2426/10/2
f 2429/9/2 2430/10/2 2431/11/2
f 2429/9/2 2432/12/2 2430/10/2
f 2433/9/2 2434/10/2 2435/11/2
f 2433/9/2 2436/12/2 2434/10/2
f 2437/9/2 2438/10/2 2439/11/2
f 2437/9/2 2440/12/2 2438/10/2
f 2441/9/2 2442/10/2 2443/11/2
f 2441/9/2 2444/12/2 2442/10/2
f 2445/9/2 2446/10/2 2447/11/2
f 2445/9/2 2448/12/2 2446/10/2
f 2449/9/2 2450/10/2 2451/11/2
f 2449/9/2 2452/12/2 2450/10/2
f 2453/9/2 2454/10/2 2455/11/2
f 2453/9/2 2456/12/2 2454/10/2
f 2457/9/2 2458/10/2 2459/11/2
f 2457/9/2 2460/12/2 2458/10/2
f 2461/9/2 2462/10/2 2463/11/2
f 2461/9/2 2464/12/2 2462/10/2
f 2465/9/2 2466/10/2 2467/11/2
f 2465/9/2 2468/12/2 2466/10/2
f 2469/9/2 2470/10/2 2471/11/2
f 2469/9/2 2472/12/2 2470/10/2
f 2473/9/2 2474/10/2 2475/11/2
f 2473/9/2 2476/12/2 2474/10/2
f 2477/9/2 2478/10/2 2479/11/2
f 2477/9/2 2480/12/2 2478/10/2
f 2481/9/2 2482/10/2 2483/11/2
f 2481/9/2 2484/12/2 2482/10/2
f 2485/9/2 2486/10/2 2487/11/2
f 2485/9/2 2488/12/2 2486/10/2
f 2489/9/2 2490/10/2 2491/11/2
f 2489/9/2 2492/12/2 2490/10/2
f 2493/9/2 2494/10/2 2495/11/2
f 2493/9/2 2496/12/2 2494/10/2
f 2497/9/2 2498/10/2 2499/11/2
f 2497/9/2 2500/12/2 2498/10/2
f 2501/9/2 2502/10/2 2503/11/2
f 2501/9/2 2504/12/2 2502/10/2
f 2505/9/2 2506/10/2 2507/11/2
f 2505/9/2 2508/12/2 2506/10/2
f 2509/9/2 2510/10/2 2511/11/2
f 2509/9/2 2512/12/2 2510/10/2
f 2513/9/2 2514/10/2 2515/11/2
f 2513/9/2 2516/12/2 2514/10/2
f 2517/9/2 2518/10/2 2519/11/2
f 2517/9/2 2520/12/2 2518/10/2
f 2521/9/2 2522/10/2 2523/11/2
f 2521/9/2 2524/12/2 2522/10/2
f 2525/9/2 2526/10/2 2527/11/2
f 2525/9/2 2528/12/2 2526/10/2
f 2529/9/2 2530/10/2 2531/11/2
f 2529/9/2 2532/12/2 2530/10/2
f 2533/9/2 2534/10/2 2535/11/2
f 2533/9/2 2536/12/2 2534/10/2
f 2537/9/2 2538/10/2 2539/11/2
f 2537/9/2 2540/12/2 2538/10/2
f 2541/9/2 2542/10/2 2543/11/2
f 2541/9/2 2544/12/2 2542/10/2
f 2545/9/2 2546/10/2 2547/11/2
f 2545/9/2 2548/12/2 2546/10/2
f 2549/9/2 2550/10/2 2551/11/2
f 2549/9/2 2552/12/2 2550/10/2
f 2553/9/2 2554/10/2 2555/11/2
f 2553/9/2 2556/12/2 2554/10/2
f 2557/9/2 2558/10/2 2559/11/2
f 2557/9/2 2560/12/2 2558/10/2
f 2561/9/2 2562/10/2 2563/11/2
f 2561/9/2 2564/12/2 2562/10/2
f 2565/9/2 2566/10/2 2567/11/2
f 2565/9/2 2568/12/2 2566/10/2
f 2569/9/2 2570/10/2 2571/11/2
f 2569/9/2 2572/12/2 2570/10/2
f 2573/9/2 2574/10/2 2575/11/2
f 2573/9/2 2576/12/2 2574/10/2
f 2577/9/2 2578/10/2 2579/11/2
f 2577/9/2 2580/12/2 2578/10/2
f 2581/9/2 2582/10/2 2583/11/2
f 2581/9/2 2584/12/2 2582/10/2
f 2585/9/2 2586/10/2 2587/11/2
f 2585/9/2 2588/12/2 2586/10/2
f 2589/9/2 2590/10/2 2591/11/2
f 2589/9/2 2592/12/2 2590/10/2
f 2593/9/2 2594/10/2 2595/11/2
f 2593/9/2 2596/12/2 2594/10/2
f 2597/9/2 2598/10/2 2599/11/2
f 2597/9/2 2600/12/2 2598/10/2
f 2601/9/2 2602/10/2 2603/11/2
f 2601/9/2 2604/12/2 2602/10/2
f 2605/9/2 2606/10/2 2607/11/2
f 2605/9/2 2608/12/2 2606/10/2
f 2609/9/2 2610/10/2 2611/11/2
f 2609/9/2 2612/12/2 2610/10/2
f 2613/9/2 2614/10/2 2615/11/2
f 2613/9/2 2616/12/2 2614/10/2
f 2617/9/2 2618/10/2 2619/11/2
f 2617/9/2 2620/12/2 2618/10/2
f 2621/9/2 2622/10/2 2623/11/2
f 2621/9/2 2624/12/2 2622/10/2
f 2625/9/2 2626/10/2 2627/11/2
f 2625/9/2 2628/12/2 2626/10/2
f 2629/9/2 2630/10/2 2631/11/2
f 2629/9/2 2632/12/2 2630/10/2
f 2633/9/2 2634/10/2 2635/11/2
f 2633/9/2 2636/12/2 2634/10/2
f 2637/9/2 2638/10/2 2639/11/2
f 2637/9/2 2640/12/2 2638/10/2
f 2641/9/2 2642/10/2 2643/11/2
f 2641/9/2 2644/12/2 2642/10/2
f 2645/1/7 2646/2/7 2647/3/7
f 2645/1/7 2648/4/7 2646/2/7
f 2649/1/7 2650/2/7 2651/3/7
f 2649/1/7 2652/4/7 2650/2/7
f 2653/1/7 2654/2/7 2655/3/7
f 2653/1/7 2656/4/7 2654/2/7
f 2657/1/7 2658/2/7 2659/3/7
f 2657/1/7 2660/4/7 2658/2/7
f 2661/1/8 2662/2/8 2663/3/8
f 2661/1/8 2664/4/8 2662/2/8
f 2665/1/8 2666/2/8 2667/3/8
f 2665/1/8 2668/4/8 2666/2/8
f 2669/1/8 2670/2/8 2671/3/8
f 2669/1/8 2672/4/8 2670/2/8
f 2673/1/8 2674/2/8 2675/3/8
f 2673/1/8 2676/4/8 2674/2/8
f 2677/5/2 2678/6/2 2679/7/2
f 2677/5/2 2680/8/2 2678/6/2
f 2681/5/2 2682/6/2 2683/7/2
f 2681/5/2 2684/8/2 2682/6/2
f 2685/5/2 2686/6/2 2687/7/2
f 2685/5/2 2688/8/2 2686/6/2
f 2689/5/2 2690/6/2 2691/7/2
f 2689/5/2 2692/8/2 2690/6/2
f 2693/5/2 2694/6/2 2695/7/2
f 2693/5/2 2696/8/2 2694/6/2
f 2697/5/2 2698/6/2 2699/7/2
f 2697/5/2 2700/8/2 2698/6/2
f 2701/5/2 2702/6/2 2703/7/2
f 2701/5/2 2704/8/2 2702/6/2
usemtl 1
f 2705/7/3 2706/5/3 2707/6/3
f 2706/5/2 2708/8/2 2707/6/2
f 2709/6/2 2710/7/2 2711/8/2
f 2710/7/3 2712/5/3 2711/8/3
usemtl texture_pixellab-tileset-grass-light-brown-like-dirt-0b1e6713
f 2713/5/2 2714/6/2 2715/7/2
f 2713/5/2 2716/8/2 2714/6/2
f 2717/5/2 2718/6/2 2719/7/2
f 2717/5/2 2720/8/2 2718/6/2
f 2721/5/2 2722/6/2 2723/7/2
f 2721/5/2 2724/8/2 2722/6/2
f 2725/5/2 2726/6/2 2727/7/2
f 2725/5/2 2728/8/2 2726/6/2
f 2729/5/2 2730/6/2 2731/7/2
f 2729/5/2 2732/8/2 2730/6/2
f 2733/5/2 2734/6/2 2735/7/2
f 2733/5/2 2736/8/2 2734/6/2
f 2737/5/2 2738/6/2 2739/7/2
f 2737/5/2 2740/8/2 2738/6/2
f 2741/5/2 2742/6/2 2743/7/2
f 2741/5/2 2744/8/2 2742/6/2
f 2745/5/2 2746/6/2 2747/7/2
f 2745/5/2 2748/8/2 2746/6/2
f 2749/5/2 2750/6/2 2751/7/2
f 2749/5/2 2752/8/2 2750/6/2
f 2753/5/2 2754/6/2 2755/7/2
f 2753/5/2 2756/8/2 2754/6/2
f 2757/5/2 2758/6/2 2759/7/2
f 2757/5/2 2760/8/2 2758/6/2
f 2761/6/2 2762/5/2 2763/7/2
f 2761/6/2 2764/8/2 2762/5/2
f 2765/5/2 2766/6/2 2767/7/2
f 2765/5/2 2768/8/2 2766/6/2
f 2769/6/2 2770/5/2 2771/7/2
f 2769/6/2 2772/8/2 2770/5/2
f 2773/6/2 2774/5/2 2775/7/2
f 2773/6/2 2776/8/2 2774/5/2
f 2777/6/2 2778/5/2 2779/7/2
f 2777/6/2 2780/8/2 2778/5/2
f 2781/6/2 2782/5/2 2783/7/2
f 2781/6/2 2784/8/2 2782/5/2
f 2785/6/2 2786/5/2 2787/7/2
f 2785/6/2 2788/8/2 2786/5/2
f 2789/6/2 2790/5/2 2791/7/2
f 2789/6/2 2792/8/2 2790/5/2
f 2793/6/2 2794/5/2 2795/7/2
f 2793/6/2 2796/8/2 2794/5/2
f 2797/6/2 2798/5/2 2799/7/2
f 2797/6/2 2800/8/2 2798/5/2
f 2801/6/2 2802/5/2 2803/7/2
f 2801/6/2 2804/8/2 2802/5/2
f 2805/6/2 2806/5/2 2807/7/2
f 2805/6/2 2808/8/2 2806/5/2
f 2809/5/2 2810/6/2 2811/7/2
f 2809/5/2 2812/8/2 2810/6/2
f 2813/5/2 2814/6/2 2815/7/2
f 2813/5/2 2816/8/2 2814/6/2
f 2817/5/2 2818/6/2 2819/7/2
f 2817/5/2 2820/8/2 2818/6/2
f 2821/7/2 2822/8/2 2823/6/2
f 2821/7/2 2824/5/2 2822/8/2
f 2825/7/2 2826/8/2 2827/6/2
f 2825/7/2 2828/5/2 2826/8/2
f 2829/7/2 2830/8/2 2831/6/2
f 2829/7/2 2832/5/2 2830/8/2
f 2833/7/2 2834/8/2 2835/6/2
f 2833/7/2 2836/5/2 2834/8/2
f 2837/7/2 2838/8/2 2839/6/2
f 2837/7/2 2840/5/2 2838/8/2
f 2841/7/2 2842/8/2 2843/6/2
f 2841/7/2 2844/5/2 2842/8/2
f 2845/7/2 2846/8/2 2847/6/2
f 2845/7/2 2848/5/2 2846/8/2
f 2849/7/2 2850/8/2 2851/6/2
f 2849/7/2 2852/5/2 2850/8/2
f 2853/7/2 2854/8/2 2855/6/2
f 2853/7/2 2856/5/2 2854/8/2
f 2857/7/2 2858/8/2 2859/6/2
f 2857/7/2 2860/5/2 2858/8/2
f 2861/6/2 2862/5/2 2863/8/2
f 2861/6/2 2864/7/2 2862/5/2
f 2865/1/4 2866/2/4 2867/3/4
f 2865/1/3 2868/4/3 2866/2/3
f 2869/5/2 2870/6/2 2871/7/2
f 2869/5/2 2872/8/2 2870/6/2
f 2873/5/2 2874/6/2 2875/7/2
f 2873/5/2 2876/8/2 2874/6/2
f 2877/5/2 2878/6/2 2879/7/2
f 2877/5/2 2880/8/2 2878/6/2
f 2881/5/2 2882/6/2 2883/7/2
f 2881/5/2 2884/8/2 2882/6/2
f 2885/5/2 2886/6/2 2887/7/2
f 2885/5/2 2888/8/2 2886/6/2
f 2889/5/2 2890/6/2 2891/7/2
f 2889/5/2 2892/8/2 2890/6/2
f 2893/5/2 2894/6/2 2895/7/2
f 2893/5/2 2896/8/2 2894/6/2
f 2897/5/2 2898/6/2 2899/7/2
f 2897/5/2 2900/8/2 2898/6/2
f 2901/5/2 2902/6/2 2903/7/2
f 2901/5/2 2904/8/2 2902/6/2
f 2905/5/2 2906/6/2 2907/7/2
f 2905/5/2 2908/8/2 2906/6/2
f 2909/1/8 2910/2/8 2911/3/8
f 2909/1/8 2912/4/8 2910/2/8
f 2913/5/2 2914/6/2 2915/7/2
f 2913/5/2 2916/8/2 2914/6/2
f 2917/5/2 2918/6/2 2919/7/2
f 2917/5/2 2920/8/2 2918/6/2
f 2921/5/2 2922/6/2 2923/7/2
f 2921/5/2 2924/8/2 2922/6/2
f 2925/5/2 2926/6/2 2927/7/2
f 2925/5/2 2928/8/2 2926/6/2
f 2929/5/2 2930/6/2 2931/7/2
f 2929/5/2 2932/8/2 2930/6/2
f 2933/5/2 2934/6/2 2935/7/2
f 2933/5/2 2936/8/2 2934/6/2
f 2937/5/2 2938/6/2 2939/7/2
f 2937/5/2 2940/8/2 2938/6/2
f 2941/1/8 2942/2/8 2943/3/8
f 2941/1/8 2944/4/8 2942/2/8
f 2945/1/8 2946/2/8 2947/3/8
f 2945/1/8 2948/4/8 2946/2/8
f 2949/5/2 2950/6/2 2951/7/2
f 2949/5/2 2952/8/2 2950/6/2
f 2953/5/2 2954/6/2 2955/7/2
f 2953/5/2 2956/8/2 2954/6/2
f 2957/5/2 2958/6/2 2959/7/2
f 2957/5/2 2960/8/2 2958/6/2
f 2961/5/2 2962/6/2 2963/7/2
f 2961/5/2 2964/8/2 2962/6/2
f 2965/5/2 2966/6/2 2967/7/2
f 2965/5/2 2968/8/2 2966/6/2
f 2969/1/8 2970/2/8 2971/3/8
f 2969/1/8 2972/4/8 2970/2/8
f 2973/1/4 2974/2/4 2975/3/4
f 2973/1/4 2976/4/4 2974/2/4
f 2977/5/2 2978/6/2 2979/7/2
f 2977/5/2 2980/8/2 2978/6/2
f 2981/5/2 2982/6/2 2983/7/2
f 2981/5/2 2984/8/2 2982/6/2
f 2985/5/2 2986/6/2 2987/7/2
f 2985/5/2 2988/8/2 2986/6/2
f 2989/5/2 2990/6/2 2991/7/2
f 2989/5/2 2992/8/2 2990/6/2
f 2993/5/2 2994/6/2 2995/7/2
f 2993/5/2 2996/8/2 2994/6/2
f 2997/5/2 2998/6/2 2999/7/2
f 2997/5/2 3000/8/2 2998/6/2
f 3001/5/2 3002/6/2 3003/7/2
f 3001/5/2 3004/8/2 3002/6/2
f 3005/5/2 3006/6/2 3007/7/2
f 3005/5/2 3008/8/2 3006/6/2
f 3009/5/2 3010/6/2 3011/7/2
f 3009/5/2 3012/8/2 3010/6/2
f 3013/5/2 3014/6/2 3015/7/2
f 3013/5/2 3016/8/2 3014/6/2
f 3017/5/2 3018/6/2 3019/7/2
f 3017/5/2 3020/8/2 3018/6/2
f 3021/5/2 3022/6/2 3023/7/2
f 3021/5/2 3024/8/2 3022/6/2
f 3025/5/2 3026/6/2 3027/7/2
f 3025/5/2 3028/8/2 3026/6/2
f 3029/5/2 3030/6/2 3031/7/2
f 3029/5/2 3032/8/2 3030/6/2
f 3033/5/2 3034/6/2 3035/7/2
f 3033/5/2 3036/8/2 3034/6/2
f 3037/5/2 3038/6/2 3039/7/2
f 3037/5/2 3040/8/2 3038/6/2
f 3041/5/2 3042/6/2 3043/7/2
f 3041/5/2 3044/8/2 3042/6/2
f 3045/5/2 3046/6/2 3047/7/2
f 3045/5/2 3048/8/2 3046/6/2
f 3049/5/2 3050/6/2 3051/7/2
f 3049/5/2 3052/8/2 3050/6/2
f 3053/5/2 3054/6/2 3055/7/2
f 3053/5/2 3056/8/2 3054/6/2
f 3057/5/2 3058/6/2 3059/7/2
f 3057/5/2 3060/8/2 3058/6/2
f 3061/5/2 3062/6/2 3063/7/2
f 3061/5/2 3064/8/2 3062/6/2
f 3065/5/2 3066/6/2 3067/7/2
f 3065/5/2 3068/8/2 3066/6/2
f 3069/5/2 3070/6/2 3071/7/2
f 3069/5/2 3072/8/2 3070/6/2
f 3073/5/2 3074/6/2 3075/7/2
f 3073/5/2 3076/8/2 3074/6/2
f 3077/5/2 3078/6/2 3079/7/2
f 3077/5/2 3080/8/2 3078/6/2
f 3081/5/2 3082/6/2 3083/7/2
f 3081/5/2 3084/8/2 3082/6/2
f 3085/5/2 3086/6/2 3087/7/2
f 3085/5/2 3088/8/2 3086/6/2
f 3089/13/3 3090/14/3 3091/15/3
f 3090/14/10 3092/16/10 3091/15/10
f 3093/5/2 3094/6/2 3095/7/2
f 3093/5/2 3096/8/2 3094/6/2
f 3097/5/2 3098/6/2 3099/7/2
f 3097/5/2 3100/8/2 3098/6/2
f 3101/5/2 3102/6/2 3103/7/2
f 3101/5/2 3104/8/2 3102/6/2
f 3105/1/4 3106/2/4 3107/3/4
f 3105/1/4 3108/4/4 3106/2/4
f 3109/1/4 3110/2/4 3111/3/4
f 3109/1/4 3112/4/4 3110/2/4
f 3113/5/2 3114/6/2 3115/7/2
f 3113/5/2 3116/8/2 3114/6/2
f 3117/1/4 3118/2/4 3119/3/4
f 3117/1/4 3120/4/4 3118/2/4
f 3121/1/3 3122/4/3 3123/3/3
f 3122/4/8 3124/2/8 3123/3/8
f 3125/8/2 3126/7/2 3127/5/2
f 3125/8/2 3128/6/2 3126/7/2
f 3129/5/2 3130/6/2 3131/7/2
f 3129/5/2 3132/8/2 3130/6/2
f 3133/15/3 3134/14/3 3135/13/3
f 3133/15/11 3136/16/11 3134/14/11
f 3137/13/3 3138/14/3 3139/15/3
f 3138/14/12 3140/16/12 3139/15/12
f 3141/15/3 3142/14/3 3143/13/3
f 3141/15/13 3144/16/13 3142/14/13
f 3145/13/3 3146/14/3 3147/15/3
f 3146/14/10 3148/16/10 3147/15/10
f 3149/15/3 3150/14/3 3151/13/3
f 3149/15/11 3152/16/11 3150/14/11
f 3153/13/3 3154/14/3 3155/15/3
f 3154/14/12 3156/16/12 3155/15/12
f 3157/15/3 3158/14/3 3159/13/3
f 3157/15/13 3160/16/13 3158/14/13
f 3161/5/2 3162/6/2 3163/7/2
f 3161/5/2 3164/8/2 3162/6/2
f 3165/8/2 3166/7/2 3167/5/2
f 3165/8/2 3168/6/2 3166/7/2
f 3169/8/2 3170/7/2 3171/5/2
f 3169/8/2 3172/6/2 3170/7/2
f 3173/8/2 3174/7/2 3175/5/2
f 3173/8/2 3176/6/2 3174/7/2
f 3177/8/2 3178/7/2 3179/5/2
f 3177/8/2 3180/6/2 3178/7/2
f 3181/8/2 3182/7/2 3183/5/2
f 3181/8/2 3184/6/2 3182/7/2
f 3185/8/2 3186/7/2 3187/5/2
f 3185/8/2 3188/6/2 3186/7/2
f 3189/8/2 3190/7/2 3191/5/2
f 3189/8/2 3192/6/2 3190/7/2
f 3193/15/3 3194/14/3 3195/13/3
f 3193/15/11 3196/16/11 3194/14/11
f 3197/13/3 3198/14/3 3199/15/3
f 3198/14/10 3200/16/10 3199/15/10
f 3201/13/3 3202/14/3 3203/15/3
f 3202/14/12 3204/16/12 3203/15/12
f 3205/15/3 3206/14/3 3207/13/3
f 3205/15/13 3208/16/13 3206/14/13
f 3209/15/3 3210/14/3 3211/13/3
f 3209/15/14 3212/16/14 3210/14/14
f 3213/13/3 3214/14/3 3215/15/3
f 3214/14/15 3216/16/15 3215/15/15
f 3217/13/3 3218/14/3 3219/15/3
f 3218/14/16 3220/16/16 3219/15/16
f 3221/15/3 3222/14/3 3223/13/3
f 3221/15/17 3224/16/17 3222/14/17
f 3225/15/3 3226/14/3 3227/13/3
f 3225/15/14 3228/16/14 3226/14/14
f 3229/13/3 3230/14/3 3231/15/3
f 3230/14/15 3232/16/15 3231/15/15
f 3233/13/3 3234/14/3 3235/15/3
f 3234/14/16 3236/16/16 3235/15/16
f 3237/15/3 3238/14/3 3239/13/3
f 3237/15/17 3240/16/17 3238/14/17
f 3241/15/3 3242/14/3 3243/13/3
f 3241/15/14 3244/16/14 3242/14/14
f 3245/13/3 3246/14/3 3247/15/3
f 3246/14/15 3248/16/15 3247/15/15
f 3249/13/3 3250/14/3 3251/15/3
f 3250/14/16 3252/16/16 3251/15/16
f 3253/15/3 3254/14/3 3255/13/3
f 3253/15/17 3256/16/17 3254/14/17
f 3257/13/3 3258/14/3 3259/15/3
f 3258/14/12 3260/16/12 3259/15/12
f 3261/15/3 3262/14/3 3263/13/3
f 3261/15/13 3264/16/13 3262/14/13
f 3265/15/3 3266/14/3 3267/13/3
f 3265/15/11 3268/16/11 3266/14/11
f 3269/13/3 3270/14/3 3271/15/3
f 3270/14/10 3272/16/10 3271/15/10
f 3273/13/3 3274/14/3 3275/15/3
f 3274/14/12 3276/16/12 3275/15/12
f 3277/13/3 3278/14/3 3279/15/3
f 3278/14/10 3280/16/10 3279/15/10
f 3281/15/3 3282/14/3 3283/13/3
f 3281/15/11 3284/16/11 3282/14/11
f 3285/15/3 3286/14/3 3287/13/3
f 3285/15/13 3288/16/13 3286/14/13
usemtl 1
f 3289/7/3 3290/8/3 3291/6/3
f 3289/7/2 3292/5/2 3290/8/2
f 3293/5/2 3294/6/2 3295/7/2
f 3293/5/3 3296/8/3 3294/6/3
f 3297/17/18 3298/15/18 3299/18/18
f 3297/17/18 3300/19/18 3298/15/18
f 3301/6/2 3302/5/2 3303/8/2
f 3301/6/2 3304/7/2 3302/5/2
f 3305/6/2 3306/5/2 3307/8/2
f 3305/6/2 3308/7/2 3306/5/2
f 3309/6/2 3310/5/2 3311/8/2
f 3309/6/2 3312/7/2 3310/5/2
f 3313/5/2 3314/6/2 3315/7/2
f 3313/5/2 3316/8/2 3314/6/2
f 3317/6/19 3318/5/19 3319/8/19
f 3317/6/19 3320/7/19 3318/5/19
f 3321/8/20 3322/7/20 3323/5/20
f 3321/8/20 3324/6/20 3322/7/20
f 3325/6/2 3326/5/2 3327/8/2
f 3325/6/2 3328/7/2 3326/5/2
f 3329/5/2 3330/6/2 3331/7/2
f 3329/5/2 3332/8/2 3330/6/2
f 3333/6/2 3334/5/2 3335/8/2
f 3333/6/2 3336/7/2 3334/5/2
f 3337/6/2 3338/5/2 3339/8/2
f 3337/6/2 3340/7/2 3338/5/2
f 3341/6/2 3342/5/2 3343/8/2
f 3341/6/2 3344/7/2 3342/5/2
f 3345/9/2 3346/10/2 3347/11/2
f 3345/9/2 3348/12/2 3346/10/2
f 3349/9/2 3350/10/2 3351/11/2
f 3349/9/2 3352/12/2 3350/10/2
f 3353/6/1 3354/5/1 3355/8/1
f 3353/6/1 3356/7/1 3354/5/1
f 3357/9/2 3358/10/2 3359/11/2
f 3357/9/2 3360/12/2 3358/10/2
f 3361/9/2 3362/10/2 3363/11/2
f 3361/9/2 3364/12/2 3362/10/2
f 3365/5/2 3366/6/2 3367/7/2
f 3365/5/2 3368/8/2 3366/6/2
f 3369/9/2 3370/10/2 3371/11/2
f 3369/9/2 3372/12/2 3370/10/2
f 3373/9/2 3374/10/2 3375/11/2
f 3373/9/2 3376/12/2 3374/10/2
f 3377/9/1 3378/10/1 3379/11/1
f 3377/9/1 3380/12/1 3378/10/1
f 3381/5/1 3382/6/1 3383/7/1
f 3381/5/1 3384/8/1 3382/6/1
f 3385/9/2 3386/10/2 3387/11/2
f 3385/9/2 3388/12/2 3386/10/2
f 3389/12/21 3390/11/21 3391/9/21
f 3389/12/21 3392/10/21 3390/11/21
f 3393/20/22 3394/2/22 3395/21/22
f 3393/20/22 3396/22/22 3394/2/22
f 3397/20/23 3398/2/23 3399/21/23
f 3397/20/24 3400/22/24 3398/2/24
f 3401/20/25 3402/2/25 3403/21/25
f 3401/20/26 3404/22/26 3402/2/26
f 3405/20/27 3406/2/27 3407/21/27
f 3405/20/28 3408/22/28 3406/2/28
f 3409/8/3 3410/7/3 3411/5/3
f 3409/8/19 3412/6/19 3410/7/19
f 3413/21/29 3414/23/29 3415/20/29
f 3413/21/30 3416/24/30 3414/23/30
f 3417/6/2 3418/5/2 3419/8/2
f 3417/6/2 3420/7/2 3418/5/2
f 3421/6/2 3422/5/2 3423/8/2
f 3421/6/2 3424/7/2 3422/5/2
f 3425/12/2 3426/11/2 3427/9/2
f 3425/12/2 3428/10/2 3426/11/2
f 3429/6/2 3430/5/2 3431/8/2
f 3429/6/2 3432/7/2 3430/5/2
f 3433/6/2 3434/5/2 3435/8/2
f 3433/6/2 3436/7/2 3434/5/2
f 3437/6/2 3438/5/2 3439/8/2
f 3437/6/2 3440/7/2 3438/5/2
f 3441/6/2 3442/5/2 3443/8/2
f 3441/6/2 3444/7/2 3442/5/2
f 3445/6/2 3446/5/2 3447/8/2
f 3445/6/2 3448/7/2 3446/5/2
f 3449/6/2 3450/5/2 3451/8/2
f 3449/6/2 3452/7/2 3450/5/2
f 3453/6/2 3454/5/2 3455/8/2
f 3453/6/2 3456/7/2 3454/5/2
f 3457/6/2 3458/5/2 3459/8/2
f 3457/6/2 3460/7/2 3458/5/2
f 3461/8/3 3462/7/3 3463/5/3
f 3461/8/31 3464/6/31 3462/7/31
f 3465/5/31 3466/6/31 3467/7/31
f 3465/5/31 3468/8/31 3466/6/31
f 3469/12/2 3470/11/2 3471/9/2
f 3469/12/2 3472/10/2 3470/11/2
f 3473/6/2 3474/5/2 3475/8/2
f 3473/6/2 3476/7/2 3474/5/2
f 3477/6/2 3478/5/2 3479/8/2
f 3477/6/2 3480/7/2 3478/5/2
f 3481/6/2 3482/5/2 3483/8/2
f 3481/6/2 3484/7/2 3482/5/2
f 3485/6/2 3486/5/2 3487/8/2
f 3485/6/2 3488/7/2 3486/5/2
f 3489/6/2 3490/5/2 3491/8/2
f 3489/6/2 3492/7/2 3490/5/2
f 3493/12/32 3494/11/32 3495/9/32
f 3493/12/32 3496/10/32 3494/11/32
f 3497/6/2 3498/5/2 3499/8/2
f 3497/6/2 3500/7/2 3498/5/2
f 3501/6/2 3502/5/2 3503/8/2
f 3501/6/2 3504/7/2 3502/5/2
f 3505/6/2 3506/5/2 3507/8/2
f 3505/6/2 3508/7/2 3506/5/2
f 3509/11/18 3510/12/18 3511/10/18
f 3509/11/18 3512/9/18 3510/12/18
f 3513/5/2 3514/6/2 3515/7/2
f 3513/5/2 3516/8/2 3514/6/2
f 3517/6/2 3518/5/2 3519/8/2
f 3517/6/2 3520/7/2 3518/5/2
f 3521/7/3 3522/5/3 3523/6/3
f 3522/5/2 3524/8/2 3523/6/2
f 3525/12/21 3526/11/21 3527/9/21
f 3525/12/21 3528/10/21 3526/11/21
f 3529/12/21 3530/11/21 3531/9/21
f 3529/12/21 3532/10/21 3530/11/21
f 3533/9/2 3534/10/2 3535/11/2
f 3533/9/2 3536/12/2 3534/10/2
f 3537/12/32 3538/11/32 3539/9/32
f 3537/12/32 3540/10/32 3538/11/32
f 3541/9/2 3542/10/2 3543/11/2
f 3541/9/2 3544/12/2 3542/10/2
f 3545/7/3 3546/8/3 3547/6/3
f 3545/7/2 3548/5/2 3546/8/2
f 3549/5/2 3550/6/2 3551/7/2
f 3549/5/2 3552/8/2 3550/6/2
f 3553/20/33 3554/2/33 3555/21/33
f 3553/20/34 3556/22/34 3554/2/34
f 3557/20/35 3558/2/35 3559/21/35
f 3557/20/36 3560/22/36 3558/2/36
f 3561/9/2 3562/10/2 3563/11/2
f 3561/9/2 3564/12/2 3562/10/2
f 3565/5/2 3566/6/2 3567/7/2
f 3565/5/2 3568/8/2 3566/6/2
f 3569/9/2 3570/10/2 3571/11/2
f 3569/9/2 3572/12/2 3570/10/2
f 3573/6/2 3574/5/2 3575/8/2
f 3573/6/2 3576/7/2 3574/5/2
f 3577/9/2 3578/10/2 3579/11/2
f 3577/9/2 3580/12/2 3578/10/2
f 3581/6/2 3582/5/2 3583/8/2
f 3581/6/2 3584/7/2 3582/5/2
f 3585/5/2 3586/6/2 3587/7/2
f 3585/5/2 3588/8/2 3586/6/2
f 3589/5/2 3590/6/2 3591/7/2
f 3589/5/2 3592/8/2 3590/6/2
f 3593/9/2 3594/10/2 3595/11/2
f 3593/9/2 3596/12/2 3594/10/2
f 3597/6/2 3598/5/2 3599/8/2
f 3597/6/2 3600/7/2 3598/5/2
f 3601/6/2 3602/5/2 3603/8/2
f 3601/6/2 3604/7/2 3602/5/2
f 3605/6/2 3606/5/2 3607/8/2
f 3605/6/2 3608/7/2 3606/5/2
f 3609/12/2 3610/11/2 3611/9/2
f 3609/12/2 3612/10/2 3610/11/2
f 3613/5/2 3614/6/2 3615/7/2
f 3613/5/2 3616/8/2 3614/6/2
f 3617/9/2 3618/10/2 3619/11/2
f 3617/9/2 3620/12/2 3618/10/2
f 3621/6/8 3622/5/8 3623/8/8
f 3621/6/8 3624/7/8 3622/5/8
f 3625/6/2 3626/5/2 3627/8/2
f 3625/6/2 3628/7/2 3626/5/2
f 3629/5/2 3630/6/2 3631/7/2
f 3629/5/2 3632/8/2 3630/6/2
f 3633/9/2 3634/10/2 3635/11/2
f 3633/9/2 3636/12/2 3634/10/2
f 3637/6/2 3638/5/2 3639/8/2
f 3637/6/2 3640/7/2 3638/5/2
f 3641/6/2 3642/5/2 3643/8/2
f 3641/6/37 3644/7/37 3642/5/37
f 3645/9/18 3646/10/18 3647/11/18
f 3645/9/18 3648/12/18 3646/10/18
f 3649/9/21 3650/10/21 3651/11/21
f 3649/9/21 3652/12/21 3650/10/21
f 3653/9/32 3654/10/32 3655/11/32
f 3653/9/32 3656/12/32 3654/10/32
f 3657/11/2 3658/12/2 3659/10/2
f 3657/11/2 3660/9/2 3658/12/2
f 3661/7/38 3662/8/38 3663/6/38
f 3661/7/31 3664/5/31 3662/8/31
f 3665/8/2 3666/7/2 3667/5/2
f 3665/8/2 3668/6/2 3666/7/2
f 3669/6/2 3670/5/2 3671/8/2
f 3669/6/2 3672/7/2 3670/5/2
f 3673/9/2 3674/10/2 3675/11/2
f 3673/9/2 3676/12/2 3674/10/2
f 3677/9/2 3678/10/2 3679/11/2
f 3677/9/2 3680/12/2 3678/10/2
f 3681/5/2 3682/6/2 3683/7/2
f 3681/5/2 3684/8/2 3682/6/2
f 3685/5/2 3686/6/2 3687/7/2
f 3685/5/2 3688/8/2 3686/6/2
f 3689/8/20 3690/7/20 3691/5/20
f 3689/8/20 3692/6/20 3690/7/20
f 3693/12/2 3694/11/2 3695/9/2
f 3693/12/2 3696/10/2 3694/11/2
f 3697/6/19 3698/5/19 3699/8/19
f 3697/6/19 3700/7/19 3698/5/19
f 3701/6/19 3702/5/19 3703/8/19
f 3701/6/19 3704/7/19 3702/5/19
f 3705/6/19 3706/5/19 3707/8/19
f 3705/6/19 3708/7/19 3706/5/19
f 3709/6/31 3710/5/31 3711/8/31
f 3709/6/3 3712/7/3 3710/5/3
f 3713/3/32 3714/4/32 3715/2/32
f 3713/3/32 3716/1/32 3714/4/32
f 3717/3/32 3718/4/32 3719/2/32
f 3717/3/32 3720/1/32 3718/4/32
f 3721/3/32 3722/4/32 3723/2/32
f 3721/3/32 3724/1/32 3722/4/32
f 3725/3/21 3726/4/21 3727/2/21
f 3725/3/21 3728/1/21 3726/4/21
f 3729/5/31 3730/6/31 3731/7/31
f 3729/5/31 3732/8/31 3730/6/31
f 3733/5/31 3734/6/31 3735/7/31
f 3733/5/31 3736/8/31 3734/6/31
f 3737/12/2 3738/11/2 3739/9/2
f 3737/12/2 3740/10/2 3738/11/2
f 3741/12/2 3742/11/2 3743/9/2
f 3741/12/2 3744/10/2 3742/11/2
f 3745/3/21 3746/4/21 3747/2/21
f 3745/3/21 3748/1/21 3746/4/21
f 3749/12/2 3750/11/2 3751/9/2
f 3749/12/2 3752/10/2 3750/11/2
f 3753/3/32 3754/4/32 3755/2/32
f 3753/3/32 3756/1/32 3754/4/32
f 3757/12/2 3758/11/2 3759/9/2
f 3757/12/2 3760/10/2 3758/11/2
f 3761/12/2 3762/11/2 3763/9/2
f 3761/12/2 3764/10/2 3762/11/2
f 3765/3/32 3766/4/32 3767/2/32
f 3765/3/32 3768/1/32 3766/4/32
f 3769/5/31 3770/6/31 3771/7/31
f 3769/5/31 3772/8/31 3770/6/31
f 3773/7/38 3774/8/38 3775/6/38
f 3773/7/38 3776/5/38 3774/8/38
f 3777/12/2 3778/11/2 3779/9/2
f 3777/12/2 3780/10/2 3778/11/2
f 3781/3/21 3782/4/21 3783/2/21
f 3781/3/21 3784/1/21 3782/4/21
f 3785/7/38 3786/8/38 3787/6/38
f 3785/7/38 3788/5/38 3786/8/38
f 3789/6/19 3790/5/19 3791/8/19
f 3789/6/19 3792/7/19 3790/5/19
f 3793/3/21 3794/4/21 3795/2/21
f 3793/3/21 3796/1/21 3794/4/21
f 3797/12/18 3798/11/18 3799/9/18
f 3797/12/18 3800/10/18 3798/11/18
f 3801/7/38 3802/8/38 3803/6/38
f 3801/7/38 3804/5/38 3802/8/38
f 3805/7/38 3806/8/38 3807/6/38
f 3805/7/38 3808/5/38 3806/8/38
f 3809/8/3 3810/7/3 3811/5/3
f 3809/8/38 3812/6/38 3810/7/38
f 3813/25/19 3814/13/19 3815/26/19
f 3813/25/19 3816/27/19 3814/13/19
f 3817/25/2 3818/13/2 3819/26/2
f 3817/25/2 3820/27/2 3818/13/2
f 3821/25/2 3822/13/2 3823/26/2
f 3821/25/2 3824/27/2 3822/13/2
f 3825/25/19 3826/13/19 3827/26/19
f 3825/25/19 3828/27/19 3826/13/19
f 3829/3/32 3830/4/32 3831/2/32
f 3829/3/32 3832/1/32 3830/4/32
f 3833/10/2 3834/9/2 3835/12/2
f 3833/10/2 3836/11/2 3834/9/2
f 3837/9/8 3838/10/8 3839/11/8
f 3837/9/8 3840/12/8 3838/10/8
f 3841/5/8 3842/6/8 3843/7/8
f 3841/5/8 3844/8/8 3842/6/8
f 3845/6/2 3846/5/2 3847/8/2
f 3845/6/2 3848/7/2 3846/5/2
f 3849/25/2 3850/13/2 3851/26/2
f 3849/25/2 3852/27/2 3850/13/2
f 3853/25/19 3854/13/19 3855/26/19
f 3853/25/19 3856/27/19 3854/13/19
f 3857/11/39 3858/12/39 3859/10/39
f 3857/11/39 3860/9/39 3858/12/39
f 3861/25/20 3862/13/20 3863/26/20
f 3861/25/20 3864/27/20 3862/13/20
f 3865/25/20 3866/13/20 3867/26/20
f 3865/25/20 3868/27/20 3866/13/20
f 3869/25/20 3870/13/20 3871/26/20
f 3869/25/20 3872/27/20 3870/13/20
f 3873/25/20 3874/13/20 3875/26/20
f 3873/25/20 3876/27/20 3874/13/20
f 3877/25/2 3878/13/2 3879/26/2
f 3877/25/2 3880/27/2 3878/13/2
f 3881/25/19 3882/13/19 3883/26/19
f 3881/25/19 3884/27/19 3882/13/19
f 3885/11/32 3886/12/32 3887/10/32
f 3885/11/32 3888/9/32 3886/12/32
f 3889/11/32 3890/12/32 3891/10/32
f 3889/11/32 3892/9/32 3890/12/32
f 3893/11/39 3894/12/39 3895/10/39
f 3893/11/39 3896/9/39 3894/12/39
f 3897/11/32 3898/12/32 3899/10/32
f 3897/11/32 3900/9/32 3898/12/32
f 3901/25/2 3902/13/2 3903/26/2
f 3901/25/40 3904/27/40 3902/13/40
f 3905/25/19 3906/13/19 3907/26/19
f 3905/25/19 3908/27/19 3906/13/19
f 3909/25/38 3910/13/38 3911/26/38
f 3909/25/38 3912/27/38 3910/13/38
f 3913/25/19 3914/13/19 3915/26/19
f 3913/25/19 3916/27/19 3914/13/19
f 3917/25/20 3918/13/20 3919/26/20
f 3917/25/19 3920/27/19 3918/13/19
f 3921/25/37 3922/13/37 3923/26/37
f 3921/25/2 3924/27/2 3922/13/2
f 3925/25/2 3926/13/2 3927/26/2
f 3925/25/2 3928/27/2 3926/13/2
f 3929/25/38 3930/13/38 3931/26/38
f 3929/25/38 3932/27/38 3930/13/38
f 3933/25/38 3934/13/38 3935/26/38
f 3933/25/38 3936/27/38 3934/13/38
f 3937/25/2 3938/13/2 3939/26/2
f 3937/25/2 3940/27/2 3938/13/2
f 3941/25/2 3942/13/2 3943/26/2
f 3941/25/2 3944/27/2 3942/13/2
f 3945/25/38 3946/13/38 3947/26/38
f 3945/25/38 3948/27/38 3946/13/38
f 3949/25/31 3950/13/31 3951/26/31
f 3949/25/38 3952/27/38 3950/13/38
f 3953/11/18 3954/12/18 3955/10/18
f 3953/11/18 3956/9/18 3954/12/18
f 3957/10/2 3958/9/2 3959/12/2
f 3957/10/2 3960/11/2 3958/9/2
f 3961/10/2 3962/9/2 3963/12/2
f 3961/10/2 3964/11/2 3962/9/2
f 3965/10/2 3966/9/2 3967/12/2
f 3965/10/2 3968/11/2 3966/9/2
f 3969/10/2 3970/9/2 3971/12/2
f 3969/10/2 3972/11/2 3970/9/2
f 3973/10/2 3974/9/2 3975/12/2
f 3973/10/2 3976/11/2 3974/9/2
f 3977/11/2 3978/12/2 3979/10/2
f 3977/11/2 3980/9/2 3978/12/2
f 3981/10/2 3982/9/2 3983/12/2
f 3981/10/2 3984/11/2 3982/9/2
f 3985/10/2 3986/9/2 3987/12/2
f 3985/10/2 3988/11/2 3986/9/2
f 3989/10/31 3990/9/31 3991/12/31
f 3989/10/31 3992/11/31 3990/9/31
f 3993/11/2 3994/12/2 3995/10/2
f 3993/11/2 3996/9/2 3994/12/2
f 3997/11/19 3998/12/19 3999/10/19
f 3997/11/20 4000/9/20 3998/12/20
f 4001/11/2 4002/12/2 4003/10/2
f 4001/11/2 4004/9/2 4002/12/2
f 4005/11/20 4006/12/20 4007/10/20
f 4005/11/20 4008/9/20 4006/12/20
f 4009/6/2 4010/7/2 4011/8/2
f 4010/7/3 4012/5/3 4011/8/3
f 4013/11/2 4014/12/2 4015/10/2
f 4013/11/2 4016/9/2 4014/12/2
f 4017/11/32 4018/12/32 4019/10/32
f 4017/11/32 4020/9/32 4018/12/32
f 4021/10/2 4022/9/2 4023/12/2
f 4021/10/2 4024/11/2 4022/9/2
f 4025/10/2 4026/9/2 4027/12/2
f 4025/10/2 4028/11/2 4026/9/2
f 4029/10/2 4030/9/2 4031/12/2
f 4029/10/2 4032/11/2 4030/9/2
f 4033/10/2 4034/9/2 4035/12/2
f 4033/10/2 4036/11/2 4034/9/2
f 4037/11/2 4038/12/2 4039/10/2
f 4037/11/2 4040/9/2 4038/12/2
f 4041/7/3 4042/5/3 4043/6/3
f 4042/5/2 4044/8/2 4043/6/2
f 4045/17/21 4046/15/21 4047/18/21
f 4045/17/21 4048/19/21 4046/15/21
f 4049/28/38 4050/21/38 4051/29/38
f 4049/28/38 4052/24/38 4050/21/38
f 4053/1/21 4054/30/21 4055/31/21
f 4053/1/21 4056/3/21 4054/30/21
f 4057/7/2 4058/8/2 4059/6/2
f 4057/7/2 4060/5/2 4058/8/2
f 4061/9/2 4062/10/2 4063/11/2
f 4061/9/2 4064/12/2 4062/10/2
f 4065/9/2 4066/10/2 4067/11/2
f 4065/9/2 4068/12/2 4066/10/2
f 4069/9/2 4070/10/2 4071/11/2
f 4069/9/2 4072/12/2 4070/10/2
f 4073/11/21 4074/12/21 4075/10/21
f 4073/11/21 4076/9/21 4074/12/21
f 4077/4/39 4078/3/39 4079/1/39
f 4077/4/39 4080/2/39 4078/3/39
f 4081/27/2 4082/26/2 4083/13/2
f 4081/27/2 4084/25/2 4082/26/2
f 4085/27/2 4086/26/2 4087/13/2
f 4085/27/2 4088/25/2 4086/26/2
f 4089/27/31 4090/26/31 4091/13/31
f 4089/27/31 4092/25/31 4090/26/31
f 4093/27/2 4094/26/2 4095/13/2
f 4093/27/2 4096/25/2 4094/26/2
f 4097/27/31 4098/26/31 4099/13/31
f 4097/27/31 4100/25/31 4098/26/31
f 4101/27/2 4102/26/2 4103/13/2
f 4101/27/2 4104/25/2 4102/26/2
f 4105/27/2 4106/26/2 4107/13/2
f 4105/27/2 4108/25/2 4106/26/2
f 4109/27/2 4110/26/2 4111/13/2
f 4109/27/2 4112/25/2 4110/26/2
f 4113/11/18 4114/12/18 4115/10/18
f 4113/11/18 4116/9/18 4114/12/18
f 4117/25/19 4118/13/19 4119/26/19
f 4117/25/19 4120/27/19 4118/13/19
f 4121/11/21 4122/12/21 4123/10/21
f 4121/11/21 4124/9/21 4122/12/21
f 4125/11/39 4126/12/39 4127/10/39
f 4125/11/39 4128/9/39 4126/12/39
f 4129/11/21 4130/12/21 4131/10/21
f 4129/11/21 4132/9/21 4130/12/21
f 4133/7/2 4134/8/2 4135/6/2
f 4133/7/2 4136/5/2 4134/8/2
f 4137/9/2 4138/10/2 4139/11/2
f 4137/9/2 4140/12/2 4138/10/2
f 4141/8/2 4142/7/2 4143/5/2
f 4141/8/2 4144/6/2 4142/7/2
f 4145/27/31 4146/26/31 4147/13/31
f 4145/27/31 4148/25/31 4146/26/31
f 4149/17/2 4150/15/2 4151/19/2
f 4149/17/2 4152/18/2 4150/15/2
f 4153/17/2 4154/15/2 4155/19/2
f 4153/17/2 4156/18/2 4154/15/2
f 4157/17/2 4158/15/2 4159/19/2
f 4157/17/2 4160/18/2 4158/15/2
f 4161/17/2 4162/15/2 4163/19/2
f 4161/17/2 4164/18/2 4162/15/2
f 4165/17/2 4166/15/2 4167/19/2
f 4165/17/2 4168/18/2 4166/15/2
f 4169/17/2 4170/15/2 4171/19/2
f 4169/17/2 4172/18/2 4170/15/2
f 4173/17/2 4174/15/2 4175/19/2
f 4173/17/2 4176/18/2 4174/15/2
f 4177/17/2 4178/15/2 4179/19/2
f 4177/17/2 4180/18/2 4178/15/2
f 4181/17/2 4182/15/2 4183/19/2
f 4181/17/2 4184/18/2 4182/15/2
f 4185/17/2 4186/15/2 4187/19/2
f 4185/17/2 4188/18/2 4186/15/2
f 4189/17/2 4190/15/2 4191/19/2
f 4189/17/2 4192/18/2 4190/15/2
f 4193/17/2 4194/15/2 4195/19/2
f 4193/17/2 4196/18/2 4194/15/2
f 4197/17/2 4198/15/2 4199/19/2
f 4197/17/2 4200/18/2 4198/15/2
f 4201/17/2 4202/15/2 4203/19/2
f 4201/17/2 4204/18/2 4202/15/2
f 4205/17/2 4206/15/2 4207/19/2
f 4205/17/2 4208/18/2 4206/15/2
f 4209/17/2 4210/15/2 4211/19/2
f 4209/17/2 4212/18/2 4210/15/2
f 4213/17/2 4214/15/2 4215/19/2
f 4213/17/2 4216/18/2 4214/15/2
f 4217/8/2 4218/7/2 4219/5/2
f 4217/8/2 4220/6/2 4218/7/2
f 4221/9/2 4222/10/2 4223/11/2
f 4221/9/2 4224/12/2 4222/10/2
f 4225/7/2 4226/8/2 4227/6/2
f 4225/7/2 4228/5/2 4226/8/2
f 4229/7/2 4230/8/2 4231/6/2
f 4229/7/2 4232/5/2 4230/8/2
f 4233/9/2 4234/10/2 4235/11/2
f 4233/9/2 4236/12/2 4234/10/2
f 4237/4/21 4238/3/21 4239/1/21
f 4237/4/21 4240/2/21 4238/3/21
f 4241/9/2 4242/10/2 4243/11/2
f 4241/9/2 4244/12/2 4242/10/2
f 4245/9/2 4246/10/2 4247/11/2
f 4245/9/2 4248/12/2 4246/10/2
f 4249/7/3 4250/8/3 4251/6/3
f 4249/7/2 4252/5/2 4250/8/2
f 4253/5/2 4254/6/2 4255/7/2
f 4253/5/3 4256/8/3 4254/6/3
f 4257/9/2 4258/10/2 4259/11/2
f 4257/9/2 4260/12/2 4258/10/2
f 4261/9/2 4262/10/2 4263/11/2
f 4261/9/2 4264/12/2 4262/10/2
f 4265/9/2 4266/10/2 4267/11/2
f 4265/9/2 4268/12/2 4266/10/2
f 4269/9/2 4270/10/2 4271/11/2
f 4269/9/2 4272/12/2 4270/10/2
f 4273/9/2 4274/10/2 4275/11/2
f 4273/9/2 4276/12/2 4274/10/2
f 4277/8/2 4278/7/2 4279/5/2
f 4277/8/2 4280/6/2 4278/7/2
f 4281/32/5 4282/33/5 4283/34/5
f 4281/32/5 4284/35/5 4282/33/5
f 4285/4/18 4286/3/18 4287/1/18
f 4285/4/18 4288/2/18 4286/3/18
f 4289/8/2 4290/7/2 4291/5/2
f 4289/8/2 4292/6/2 4290/7/2
f 4293/7/2 4294/8/2 4295/6/2
f 4293/7/2 4296/5/2 4294/8/2
f 4297/9/2 4298/10/2 4299/11/2
f 4297/9/2 4300/12/2 4298/10/2
f 4301/9/2 4302/10/2 4303/11/2
f 4301/9/2 4304/12/2 4302/10/2
f 4305/8/2 4306/7/2 4307/5/2
f 4305/8/2 4308/6/2 4306/7/2
f 4309/28/31 4310/21/31 4311/29/31
f 4309/28/3 4312/24/3 4310/21/3
f 4313/28/3 4314/24/3 4315/29/3
f 4314/24/31 4316/21/31 4315/29/31
f 4317/17/18 4318/15/18 4319/18/18
f 4317/17/18 4320/19/18 4318/15/18
f 4321/4/21 4322/3/21 4323/1/21
f 4321/4/21 4324/2/21 4322/3/21
f 4325/32/5 4326/33/5 4327/34/5
f 4325/32/5 4328/35/5 4326/33/5
f 4329/17/18 4330/15/18 4331/18/18
f 4329/17/18 4332/19/18 4330/15/18
f 4333/5/2 4334/6/2 4335/7/2
f 4333/5/2 4336/8/2 4334/6/2
f 4337/7/2 4338/8/2 4339/6/2
f 4337/7/2 4340/5/2 4338/8/2
f 4341/7/2 4342/8/2 4343/6/2
f 4341/7/2 4344/5/2 4342/8/2
f 4345/27/2 4346/26/2 4347/13/2
f 4345/27/2 4348/25/2 4346/26/2
f 4349/27/2 4350/26/2 4351/13/2
f 4349/27/2 4352/25/2 4350/26/2
f 4353/27/2 4354/26/2 4355/13/2
f 4353/27/2 4356/25/2 4354/26/2
f 4357/27/2 4358/26/2 4359/13/2
f 4357/27/2 4360/25/2 4358/26/2
f 4361/11/21 4362/12/21 4363/10/21
f 4361/11/21 4364/9/21 4362/12/21
f 4365/11/39 4366/12/39 4367/10/39
f 4365/11/39 4368/9/39 4366/12/39
f 4369/11/2 4370/12/2 4371/10/2
f 4369/11/2 4372/9/2 4370/12/2
f 4373/11/21 4374/12/21 4375/10/21
f 4373/11/21 4376/9/21 4374/12/21
f 4377/11/21 4378/12/21 4379/10/21
f 4377/11/21 4380/9/21 4378/12/21
f 4381/11/21 4382/12/21 4383/10/21
f 4381/11/21 4384/9/21 4382/12/21
f 4385/11/2 4386/12/2 4387/10/2
f 4385/11/2 4388/9/2 4386/12/2
f 4389/11/21 4390/12/21 4391/10/21
f 4389/11/21 4392/9/21 4390/12/21
f 4393/11/39 4394/12/39 4395/10/39
f 4393/11/39 4396/9/39 4394/12/39
f 4397/11/39 4398/12/39 4399/10/39
f 4397/11/39 4400/9/39 4398/12/39
f 4401/11/32 4402/12/32 4403/10/32
f 4401/11/32 4404/9/32 4402/12/32
f 4405/11/39 4406/12/39 4407/10/39
f 4405/11/39 4408/9/39 4406/12/39
f 4409/11/18 4410/12/18 4411/10/18
f 4409/11/18 4412/9/18 4410/12/18
f 4413/11/18 4414/12/18 4415/10/18
f 4413/11/18 4416/9/18 4414/12/18
f 4417/11/18 4418/12/18 4419/10/18
f 4417/11/18 4420/9/18 4418/12/18
f 4421/11/21 4422/12/21 4423/10/21
f 4421/11/21 4424/9/21 4422/12/21
f 4425/11/39 4426/12/39 4427/10/39
f 4425/11/39 4428/9/39 4426/12/39
f 4429/11/39 4430/12/39 4431/10/39
f 4429/11/39 4432/9/39 4430/12/39
f 4433/11/32 4434/12/32 4435/10/32
f 4433/11/32 4436/9/32 4434/12/32
f 4437/11/18 4438/12/18 4439/10/18
f 4437/11/18 4440/9/18 4438/12/18
f 4441/11/21 4442/12/21 4443/10/21
f 4441/11/21 4444/9/21 4442/12/21
f 4445/11/39 4446/12/39 4447/10/39
f 4445/11/39 4448/9/39 4446/12/39
f 4449/11/39 4450/12/39 4451/10/39
f 4449/11/39 4452/9/39 4450/12/39
f 4453/11/32 4454/12/32 4455/10/32
f 4453/11/32 4456/9/32 4454/12/32
f 4457/27/2 4458/26/2 4459/13/2
f 4457/27/2 4460/25/2 4458/26/2
f 4461/27/2 4462/26/2 4463/13/2
f 4461/27/2 4464/25/2 4462/26/2
f 4465/27/2 4466/26/2 4467/13/2
f 4465/27/2 4468/25/2 4466/26/2
f 4469/27/31 4470/26/31 4471/13/31
f 4469/27/31 4472/25/31 4470/26/31
f 4473/27/31 4474/26/31 4475/13/31
f 4473/27/31 4476/25/31 4474/26/31
f 4477/27/2 4478/26/2 4479/13/2
f 4477/27/2 4480/25/2 4478/26/2
f 4481/27/2 4482/26/2 4483/13/2
f 4481/27/2 4484/25/2 4482/26/2
f 4485/27/2 4486/26/2 4487/13/2
f 4485/27/2 4488/25/2 4486/26/2
f 4489/26/39 4490/27/39 4491/13/39
f 4489/26/39 4492/25/39 4490/27/39
f 4493/27/2 4494/26/2 4495/13/2
f 4493/27/2 4496/25/2 4494/26/2
f 4497/27/2 4498/26/2 4499/13/2
f 4497/27/2 4500/25/2 4498/26/2
f 4501/27/2 4502/26/2 4503/13/2
f 4501/27/2 4504/25/2 4502/26/2
f 4505/27/2 4506/26/2 4507/13/2
f 4505/27/2 4508/25/2 4506/26/2
f 4509/27/31 4510/26/31 4511/13/31
f 4509/27/31 4512/25/31 4510/26/31
f 4513/27/31 4514/26/31 4515/13/31
f 4513/27/31 4516/25/31 4514/26/31
f 4517/27/2 4518/26/2 4519/13/2
f 4517/27/2 4520/25/2 4518/26/2
f 4521/7/2 4522/8/2 4523/6/2
f 4521/7/2 4524/5/2 4522/8/2
f 4525/7/2 4526/8/2 4527/6/2
f 4525/7/2 4528/5/2 4526/8/2
f 4529/7/2 4530/8/2 4531/6/2
f 4529/7/2 4532/5/2 4530/8/2
f 4533/8/2 4534/7/2 4535/5/2
f 4533/8/2 4536/6/2 4534/7/2
f 4537/7/2 4538/8/2 4539/6/2
f 4537/7/2 4540/5/2 4538/8/2
f 4541/7/2 4542/8/2 4543/6/2
f 4541/7/2 4544/5/2 4542/8/2
f 4545/7/2 4546/8/2 4547/6/2
f 4545/7/2 4548/5/2 4546/8/2
f 4549/9/2 4550/10/2 4551/11/2
f 4549/9/2 4552/12/2 4550/10/2
f 4553/8/2 4554/7/2 4555/5/2
f 4553/8/2 4556/6/2 4554/7/2
f 4557/8/2 4558/7/2 4559/5/2
f 4557/8/2 4560/6/2 4558/7/2
f 4561/9/2 4562/10/2 4563/11/2
f 4561/9/2 4564/12/2 4562/10/2
f 4565/8/2 4566/7/2 4567/5/2
f 4565/8/2 4568/6/2 4566/7/2
f 4569/9/2 4570/10/2 4571/11/2
f 4569/9/2 4572/12/2 4570/10/2
f 4573/7/2 4574/8/2 4575/6/2
f 4573/7/2 4576/5/2 4574/8/2
f 4577/5/2 4578/6/2 4579/7/2
f 4577/5/2 4580/8/2 4578/6/2
f 4581/5/2 4582/6/2 4583/7/2
f 4581/5/2 4584/8/2 4582/6/2
f 4585/5/2 4586/6/2 4587/7/2
f 4585/5/2 4588/8/2 4586/6/2
f 4589/5/2 4590/6/2 4591/7/2
f 4589/5/2 4592/8/2 4590/6/2
f 4593/9/2 4594/10/2 4595/11/2
f 4593/9/2 4596/12/2 4594/10/2
f 4597/5/2 4598/6/2 4599/7/2
f 4597/5/2 4600/8/2 4598/6/2
f 4601/5/2 4602/6/2 4603/7/2
f 4601/5/2 4604/8/2 4602/6/2
f 4605/5/2 4606/6/2 4607/7/2
f 4605/5/2 4608/8/2 4606/6/2
f 4609/5/2 4610/6/2 4611/7/2
f 4609/5/2 4612/8/2 4610/6/2
f 4613/5/2 4614/6/2 4615/7/2
f 4613/5/2 4616/8/2 4614/6/2
f 4617/7/2 4618/8/2 4619/6/2
f 4617/7/2 4620/5/2 4618/8/2
f 4621/12/32 4622/11/32 4623/9/32
f 4621/12/32 4624/10/32 4622/11/32
f 4625/9/2 4626/10/2 4627/11/2
f 4625/9/2 4628/12/2 4626/10/2
f 4629/5/2 4630/6/2 4631/7/2
f 4629/5/3 4632/8/3 4630/6/3
f 4633/5/2 4634/6/2 4635/7/2
f 4633/5/3 4636/8/3 4634/6/3
f 4637/5/2 4638/6/2 4639/7/2
f 4637/5/2 4640/8/2 4638/6/2
f 4641/5/2 4642/6/2 4643/7/2
f 4641/5/2 4644/8/2 4642/6/2
f 4645/5/2 4646/6/2 4647/7/2
f 4645/5/2 4648/8/2 4646/6/2
f 4649/5/2 4650/6/2 4651/7/2
f 4649/5/2 4652/8/2 4650/6/2
f 4653/5/2 4654/6/2 4655/7/2
f 4653/5/2 4656/8/2 4654/6/2
f 4657/9/2 4658/10/2 4659/11/2
f 4657/9/2 4660/12/2 4658/10/2
f 4661/9/2 4662/10/2 4663/11/2
f 4661/9/2 4664/12/2 4662/10/2
f 4665/5/2 4666/6/2 4667/7/2
f 4665/5/2 4668/8/2 4666/6/2
f 4669/9/2 4670/10/2 4671/11/2
f 4669/9/2 4672/12/2 4670/10/2
f 4673/5/2 4674/6/2 4675/7/2
f 4673/5/2 4676/8/2 4674/6/2
f 4677/5/2 4678/6/2 4679/7/2
f 4677/5/2 4680/8/2 4678/6/2
f 4681/9/2 4682/10/2 4683/11/2
f 4681/9/2 4684/12/2 4682/10/2
f 4685/9/2 4686/10/2 4687/11/2
f 4685/9/2 4688/12/2 4686/10/2
f 4689/9/2 4690/10/2 4691/11/2
f 4689/9/2 4692/12/2 4690/10/2
f 4693/9/2 4694/10/2 4695/11/2
f 4693/9/2 4696/12/2 4694/10/2
f 4697/9/2 4698/10/2 4699/11/2
f 4697/9/2 4700/12/2 4698/10/2
f 4701/9/2 4702/10/2 4703/11/2
f 4701/9/2 4704/12/2 4702/10/2
f 4705/5/2 4706/6/2 4707/7/2
f 4705/5/2 4708/8/2 4706/6/2
f 4709/5/2 4710/6/2 4711/7/2
f 4709/5/2 4712/8/2 4710/6/2
f 4713/9/2 4714/10/2 4715/11/2
f 4713/9/2 4716/12/2 4714/10/2
f 4717/9/2 4718/10/2 4719/11/2
f 4717/9/2 4720/12/2 4718/10/2
f 4721/9/2 4722/10/2 4723/11/2
f 4721/9/2 4724/12/2 4722/10/2
f 4725/9/2 4726/10/2 4727/11/2
f 4725/9/2 4728/12/2 4726/10/2
f 4729/9/2 4730/10/2 4731/11/2
f 4729/9/2 4732/12/2 4730/10/2
f 4733/9/2 4734/10/2 4735/11/2
f 4733/9/2 4736/12/2 4734/10/2
f 4737/9/2 4738/10/2 4739/11/2
f 4737/9/2 4740/12/2 4738/10/2
f 4741/9/2 4742/10/2 4743/11/2
f 4741/9/2 4744/12/2 4742/10/2
f 4745/9/2 4746/10/2 4747/11/2
f 4745/9/2 4748/12/2 4746/10/2
f 4749/9/2 4750/10/2 4751/11/2
f 4749/9/2 4752/12/2 4750/10/2
f 4753/9/2 4754/10/2 4755/11/2
f 4753/9/2 4756/12/2 4754/10/2
f 4757/9/2 4758/10/2 4759/11/2
f 4757/9/2 4760/12/2 4758/10/2
f 4761/4/18 4762/3/18 4763/1/18
f 4761/4/18 4764/2/18 4762/3/18
f 4765/7/2 4766/5/2 4767/6/2
f 4766/5/3 4768/8/3 4767/6/3
f 4769/4/18 4770/3/18 4771/1/18
f 4769/4/18 4772/2/18 4770/3/18
f 4773/1/18 4774/30/18 4775/31/18
f 4773/1/18 4776/3/18 4774/30/18
f 4777/1/18 4778/30/18 4779/31/18
f 4777/1/18 4780/3/18 4778/30/18
f 4781/1/21 4782/30/21 4783/31/21
f 4781/1/21 4784/3/21 4782/30/21
f 4785/1/21 4786/30/21 4787/31/21
f 4785/1/21 4788/3/21 4786/30/21
f 4789/4/21 4790/3/21 4791/1/21
f 4789/4/21 4792/2/21 4790/3/21
f 4793/1/21 4794/30/21 4795/31/21
f 4793/1/21 4796/3/21 4794/30/21
f 4797/6/3 4798/7/3 4799/8/3
f 4798/7/2 4800/5/2 4799/8/2
f 4801/32/5 4802/33/5 4803/34/5
f 4801/32/5 4804/35/5 4802/33/5
f 4805/32/5 4806/33/5 4807/34/5
f 4805/32/5 4808/35/5 4806/33/5
f 4809/7/38 4810/5/38 4811/6/38
f 4810/5/3 4812/8/3 4811/6/3
f 4813/6/3 4814/7/3 4815/8/3
f 4814/7/38 4816/5/38 4815/8/38
f 4817/11/39 4818/12/39 4819/10/39
f 4817/11/39 4820/9/39 4818/12/39
f 4821/11/21 4822/12/21 4823/10/21
f 4821/11/21 4824/9/21 4822/12/21
f 4825/11/2 4826/12/2 4827/10/2
f 4825/11/2 4828/9/2 4826/12/2
f 4829/10/18 4830/4/18 4831/12/18
f 4829/10/18 4832/1/18 4830/4/18
f 4833/4/21 4834/3/21 4835/1/21
f 4833/4/21 4836/2/21 4834/3/21
f 4837/8/2 4838/7/2 4839/5/2
f 4837/8/2 4840/6/2 4838/7/2
f 4841/28/2 4842/21/2 4843/29/2
f 4841/28/2 4844/24/2 4842/21/2
f 4845/1/39 4846/30/39 4847/31/39
f 4845/1/39 4848/3/39 4846/30/39
f 4849/4/21 4850/3/21 4851/1/21
f 4849/4/21 4852/2/21 4850/3/21
f 4853/17/2 4854/15/2 4855/19/2
f 4853/17/2 4856/18/2 4854/15/2
f 4857/28/38 4858/24/38 4859/29/38
f 4858/24/3 4860/21/3 4859/29/3
f 4861/17/18 4862/15/18 4863/18/18
f 4861/17/18 4864/19/18 4862/15/18
f 4865/17/18 4866/15/18 4867/18/18
f 4865/17/18 4868/19/18 4866/15/18
f 4869/17/18 4870/15/18 4871/18/18
f 4869/17/18 4872/19/18 4870/15/18
f 4873/17/18 4874/15/18 4875/18/18
f 4873/17/18 4876/19/18 4874/15/18
f 4877/17/18 4878/15/18 4879/18/18
f 4877/17/18 4880/19/18 4878/15/18
f 4881/17/18 4882/15/18 4883/18/18
f 4881/17/18 4884/19/18 4882/15/18
f 4885/17/18 4886/15/18 4887/18/18
f 4885/17/18 4888/19/18 4886/15/18
f 4889/17/18 4890/15/18 4891/18/18
f 4889/17/18 4892/19/18 4890/15/18
f 4893/17/18 4894/15/18 4895/18/18
f 4893/17/18 4896/19/18 4894/15/18
f 4897/17/18 4898/15/18 4899/18/18
f 4897/17/18 4900/19/18 4898/15/18
f 4901/17/18 4902/15/18 4903/18/18
f 4901/17/18 4904/19/18 4902/15/18
f 4905/17/18 4906/15/18 4907/18/18
f 4905/17/18 4908/19/18 4906/15/18
f 4909/17/18 4910/15/18 4911/18/18
f 4909/17/18 4912/19/18 4910/15/18
f 4913/17/18 4914/15/18 4915/18/18
f 4913/17/18 4916/19/18 4914/15/18
f 4917/17/18 4918/15/18 4919/18/18
f 4917/17/18 4920/19/18 4918/15/18
f 4921/17/18 4922/15/18 4923/18/18
f 4921/17/18 4924/19/18 4922/15/18
f 4925/17/18 4926/15/18 4927/18/18
f 4925/17/18 4928/19/18 4926/15/18
f 4929/17/18 4930/15/18 4931/18/18
f 4929/17/18 4932/19/18 4930/15/18
f 4933/17/18 4934/15/18 4935/18/18
f 4933/17/18 4936/19/18 4934/15/18
f 4937/17/18 4938/15/18 4939/18/18
f 4937/17/18 4940/19/18 4938/15/18
f 4941/17/18 4942/15/18 4943/18/18
f 4941/17/18 4944/19/18 4942/15/18
f 4945/17/18 4946/15/18 4947/18/18
f 4945/17/18 4948/19/18 4946/15/18
f 4949/17/18 4950/15/18 4951/18/18
f 4949/17/18 4952/19/18 4950/15/18
f 4953/17/18 4954/15/18 4955/18/18
f 4953/17/18 4956/19/18 4954/15/18
f 4957/17/18 4958/15/18 4959/18/18
f 4957/17/18 4960/19/18 4958/15/18
f 4961/17/18 4962/15/18 4963/18/18
f 4961/17/18 4964/19/18 4962/15/18
f 4965/17/18 4966/15/18 4967/18/18
f 4965/17/18 4968/19/18 4966/15/18
f 4969/19/39 4970/18/39 4971/15/39
f 4969/19/39 4972/17/39 4970/18/39
f 4973/19/39 4974/18/39 4975/15/39
f 4973/19/39 4976/17/39 4974/18/39
f 4977/19/39 4978/18/39 4979/15/39
f 4977/19/39 4980/17/39 4978/18/39
f 4981/19/39 4982/18/39 4983/15/39
f 4981/19/39 4984/17/39 4982/18/39
f 4985/19/39 4986/18/39 4987/15/39
f 4985/19/39 4988/17/39 4986/18/39
f 4989/11/21 4990/12/21 4991/10/21
f 4989/11/21 4992/9/21 4990/12/21
f 4993/19/32 4994/18/32 4995/15/32
f 4993/19/32 4996/17/32 4994/18/32
f 4997/19/39 4998/18/39 4999/15/39
f 4997/19/39 5000/17/39 4998/18/39
f 5001/19/39 5002/18/39 5003/15/39
f 5001/19/39 5004/17/39 5002/18/39
f 5005/19/32 5006/18/32 5007/15/32
f 5005/19/32 5008/17/32 5006/18/32
f 5009/19/32 5010/18/32 5011/15/32
f 5009/19/32 5012/17/32 5010/18/32
f 5013/19/39 5014/18/39 5015/15/39
f 5013/19/39 5016/17/39 5014/18/39
f 5017/19/39 5018/18/39 5019/15/39
f 5017/19/39 5020/17/39 5018/18/39
f 5021/19/39 5022/18/39 5023/15/39
f 5021/19/39 5024/17/39 5022/18/39
f 5025/19/39 5026/18/39 5027/15/39
f 5025/19/39 5028/17/39 5026/18/39
f 5029/19/39 5030/18/39 5031/15/39
f 5029/19/39 5032/17/39 5030/18/39
f 5033/19/21 5034/18/21 5035/15/21
f 5033/19/21 5036/17/21 5034/18/21
f 5037/19/21 5038/18/21 5039/15/21
f 5037/19/21 5040/17/21 5038/18/21
f 5041/19/21 5042/18/21 5043/15/21
f 5041/19/21 5044/17/21 5042/18/21
f 5045/19/21 5046/18/21 5047/15/21
f 5045/19/21 5048/17/21 5046/18/21
f 5049/19/32 5050/18/32 5051/15/32
f 5049/19/32 5052/17/32 5050/18/32
f 5053/19/32 5054/18/32 5055/15/32
f 5053/19/32 5056/17/32 5054/18/32
f 5057/19/32 5058/18/32 5059/15/32
f 5057/19/32 5060/17/32 5058/18/32
f 5061/19/32 5062/18/32 5063/15/32
f 5061/19/32 5064/17/32 5062/18/32
f 5065/19/32 5066/18/32 5067/15/32
f 5065/19/32 5068/17/32 5066/18/32
f 5069/19/32 5070/18/32 5071/15/32
f 5069/19/32 5072/17/32 5070/18/32
f 5073/19/32 5074/18/32 5075/15/32
f 5073/19/32 5076/17/32 5074/18/32
f 5077/19/32 5078/18/32 5079/15/32
f 5077/19/32 5080/17/32 5078/18/32
f 5081/19/32 5082/18/32 5083/15/32
f 5081/19/32 5084/17/32 5082/18/32
f 5085/19/32 5086/18/32 5087/15/32
f 5085/19/32 5088/17/32 5086/18/32
f 5089/19/32 5090/18/32 5091/15/32
f 5089/19/32 5092/17/32 5090/18/32
f 5093/19/32 5094/18/32 5095/15/32
f 5093/19/32 5096/17/32 5094/18/32
f 5097/17/2 5098/15/2 5099/19/2
f 5097/17/2 5100/18/2 5098/15/2
f 5101/17/2 5102/15/2 5103/19/2
f 5101/17/2 5104/18/2 5102/15/2
f 5105/17/2 5106/15/2 5107/19/2
f 5105/17/2 5108/18/2 5106/15/2
f 5109/17/2 5110/15/2 5111/19/2
f 5109/17/2 5112/18/2 5110/15/2
f 5113/17/2 5114/15/2 5115/19/2
f 5113/17/2 5116/18/2 5114/15/2
f 5117/17/2 5118/15/2 5119/19/2
f 5117/17/2 5120/18/2 5118/15/2
f 5121/17/2 5122/15/2 5123/19/2
f 5121/17/2 5124/18/2 5122/15/2
f 5125/17/2 5126/15/2 5127/19/2
f 5125/17/2 5128/18/2 5126/15/2
f 5129/17/2 5130/15/2 5131/19/2
f 5129/17/2 5132/18/2 5130/15/2
f 5133/17/2 5134/15/2 5135/19/2
f 5133/17/2 5136/18/2 5134/15/2
f 5137/17/2 5138/15/2 5139/19/2
f 5137/17/2 5140/18/2 5138/15/2
f 5141/19/21 5142/18/21 5143/15/21
f 5141/19/21 5144/17/21 5142/18/21
f 5145/19/21 5146/18/21 5147/15/21
f 5145/19/21 5148/17/21 5146/18/21
f 5149/19/21 5150/18/21 5151/15/21
f 5149/19/21 5152/17/21 5150/18/21
f 5153/19/21 5154/18/21 5155/15/21
f 5153/19/21 5156/17/21 5154/18/21
f 5157/19/21 5158/18/21 5159/15/21
f 5157/19/21 5160/17/21 5158/18/21
f 5161/19/21 5162/18/21 5163/15/21
f 5161/19/21 5164/17/21 5162/18/21
f 5165/19/21 5166/18/21 5167/15/21
f 5165/19/21 5168/17/21 5166/18/21
f 5169/19/21 5170/18/21 5171/15/21
f 5169/19/21 5172/17/21 5170/18/21
f 5173/19/21 5174/18/21 5175/15/21
f 5173/19/21 5176/17/21 5174/18/21
f 5177/19/21 5178/18/21 5179/15/21
f 5177/19/21 5180/17/21 5178/18/21
f 5181/19/21 5182/18/21 5183/15/21
f 5181/19/21 5184/17/21 5182/18/21
f 5185/19/21 5186/18/21 5187/15/21
f 5185/19/21 5188/17/21 5186/18/21
f 5189/19/21 5190/18/21 5191/15/21
f 5189/19/21 5192/17/21 5190/18/21
f 5193/19/21 5194/18/21 5195/15/21
f 5193/19/21 5196/17/21 5194/18/21
f 5197/19/21 5198/18/21 5199/15/21
f 5197/19/21 5200/17/21 5198/18/21
f 5201/19/21 5202/18/21 5203/15/21
f 5201/19/21 5204/17/21 5202/18/21
f 5205/19/21 5206/18/21 5207/15/21
f 5205/19/21 5208/17/21 5206/18/21
f 5209/19/21 5210/18/21 5211/15/21
f 5209/19/21 5212/17/21 5210/18/21
f 5213/19/21 5214/18/21 5215/15/21
f 5213/19/21 5216/17/21 5214/18/21
f 5217/19/21 5218/18/21 5219/15/21
f 5217/19/21 5220/17/21 5218/18/21
f 5221/19/21 5222/18/21 5223/15/21
f 5221/19/21 5224/17/21 5222/18/21
f 5225/19/21 5226/18/21 5227/15/21
f 5225/19/21 5228/17/21 5226/18/21
f 5229/19/21 5230/18/21 5231/15/21
f 5229/19/21 5232/17/21 5230/18/21
f 5233/19/21 5234/18/21 5235/15/21
f 5233/19/21 5236/17/21 5234/18/21
f 5237/17/2 5238/15/2 5239/19/2
f 5237/17/2 5240/18/2 5238/15/2
f 5241/17/2 5242/15/2 5243/19/2
f 5241/17/2 5244/18/2 5242/15/2
f 5245/17/2 5246/15/2 5247/19/2
f 5245/17/2 5248/18/2 5246/15/2
f 5249/19/39 5250/18/39 5251/15/39
f 5249/19/39 5252/17/39 5250/18/39
f 5253/19/39 5254/18/39 5255/15/39
f 5253/19/39 5256/17/39 5254/18/39
f 5257/19/39 5258/18/39 5259/15/39
f 5257/19/39 5260/17/39 5258/18/39
f 5261/19/39 5262/18/39 5263/15/39
f 5261/19/39 5264/17/39 5262/18/39
f 5265/19/39 5266/18/39 5267/15/39
f 5265/19/39 5268/17/39 5266/18/39
f 5269/19/39 5270/18/39 5271/15/39
f 5269/19/39 5272/17/39 5270/18/39
f 5273/19/39 5274/18/39 5275/15/39
f 5273/19/39 5276/17/39 5274/18/39
f 5277/19/39 5278/18/39 5279/15/39
f 5277/19/39 5280/17/39 5278/18/39
f 5281/19/39 5282/18/39 5283/15/39
f 5281/19/39 5284/17/39 5282/18/39
f 5285/19/39 5286/18/39 5287/15/39
f 5285/19/39 5288/17/39 5286/18/39
f 5289/19/39 5290/18/39 5291/15/39
f 5289/19/39 5292/17/39 5290/18/39
f 5293/19/39 5294/18/39 5295/15/39
f 5293/19/39 5296/17/39 5294/18/39
f 5297/19/21 5298/18/21 5299/15/21
f 5297/19/21 5300/17/21 5298/18/21
f 5301/19/21 5302/18/21 5303/15/21
f 5301/19/21 5304/17/21 5302/18/21
f 5305/19/21 5306/18/21 5307/15/21
f 5305/19/21 5308/17/21 5306/18/21
f 5309/19/21 5310/18/21 5311/15/21
f 5309/19/21 5312/17/21 5310/18/21
f 5313/17/18 5314/15/18 5315/18/18
f 5313/17/18 5316/19/18 5314/15/18
f 5317/4/39 5318/3/39 5319/1/39
f 5317/4/39 5320/2/39 5318/3/39
f 5321/3/39 5322/4/39 5323/2/39
f 5321/3/39 5324/1/39 5322/4/39
f 5325/11/32 5326/12/32 5327/10/32
f 5325/11/32 5328/9/32 5326/12/32
f 5329/13/18 5330/25/18 5331/26/18
f 5329/13/18 5332/27/18 5330/25/18
f 5333/13/18 5334/25/18 5335/26/18
f 5333/13/18 5336/27/18 5334/25/18
f 5337/13/18 5338/25/18 5339/26/18
f 5337/13/18 5340/27/18 5338/25/18
f 5341/13/18 5342/25/18 5343/26/18
f 5341/13/18 5344/27/18 5342/25/18
f 5345/13/39 5346/25/39 5347/26/39
f 5345/13/39 5348/27/39 5346/25/39
f 5349/13/39 5350/25/39 5351/26/39
f 5349/13/39 5352/27/39 5350/25/39
f 5353/13/39 5354/25/39 5355/26/39
f 5353/13/39 5356/27/39 5354/25/39
f 5357/13/21 5358/25/21 5359/26/21
f 5357/13/21 5360/27/21 5358/25/21
f 5361/13/21 5362/25/21 5363/26/21
f 5361/13/21 5364/27/21 5362/25/21
f 5365/13/21 5366/25/21 5367/26/21
f 5365/13/21 5368/27/21 5366/25/21
f 5369/13/21 5370/25/21 5371/26/21
f 5369/13/21 5372/27/21 5370/25/21
f 5373/13/32 5374/25/32 5375/26/32
f 5373/13/32 5376/27/32 5374/25/32
f 5377/13/32 5378/25/32 5379/26/32
f 5377/13/32 5380/27/32 5378/25/32
f 5381/13/32 5382/25/32 5383/26/32
f 5381/13/32 5384/27/32 5382/25/32
f 5385/27/2 5386/26/2 5387/13/2
f 5385/27/2 5388/25/2 5386/26/2
f 5389/27/2 5390/26/2 5391/13/2
f 5389/27/2 5392/25/2 5390/26/2
f 5393/27/2 5394/26/2 5395/13/2
f 5393/27/2 5396/25/2 5394/26/2
f 5397/27/2 5398/26/2 5399/13/2
f 5397/27/2 5400/25/2 5398/26/2
f 5401/27/2 5402/26/2 5403/13/2
f 5401/27/2 5404/25/2 5402/26/2
f 5405/27/2 5406/26/2 5407/13/2
f 5405/27/2 5408/25/2 5406/26/2
f 5409/27/2 5410/26/2 5411/13/2
f 5409/27/2 5412/25/2 5410/26/2
f 5413/27/2 5414/26/2 5415/13/2
f 5413/27/2 5416/25/2 5414/26/2
f 5417/27/2 5418/26/2 5419/13/2
f 5417/27/2 5420/25/2 5418/26/2
f 5421/27/2 5422/26/2 5423/13/2
f 5421/27/2 5424/25/2 5422/26/2
f 5425/27/2 5426/26/2 5427/13/2
f 5425/27/2 5428/25/2 5426/26/2
f 5429/27/2 5430/26/2 5431/13/2
f 5429/27/2 5432/25/2 5430/26/2
f 5433/3/32 5434/31/32 5435/30/32
f 5433/3/32 5436/1/32 5434/31/32
f 5437/2/32 5438/1/32 5439/3/32
f 5437/2/32 5440/4/32 5438/1/32
f 5441/3/32 5442/31/32 5443/30/32
f 5441/3/32 5444/1/32 5442/31/32
f 5445/2/32 5446/1/32 5447/3/32
f 5445/2/32 5448/4/32 5446/1/32
f 5449/4/18 5450/3/18 5451/1/18
f 5449/4/18 5452/2/18 5450/3/18
f 5453/1/18 5454/30/18 5455/31/18
f 5453/1/18 5456/3/18 5454/30/18
f 5457/1/18 5458/30/18 5459/31/18
f 5457/1/18 5460/3/18 5458/30/18
f 5461/13/2 5462/25/2 5463/27/2
f 5461/13/2 5464/26/2 5462/25/2
f 5465/13/2 5466/25/2 5467/27/2
f 5465/13/2 5468/26/2 5466/25/2
f 5469/13/2 5470/25/2 5471/27/2
f 5469/13/2 5472/26/2 5470/25/2
f 5473/13/2 5474/25/2 5475/27/2
f 5473/13/2 5476/26/2 5474/25/2
f 5477/13/2 5478/25/2 5479/27/2
f 5477/13/2 5480/26/2 5478/25/2
f 5481/13/2 5482/25/2 5483/27/2
f 5481/13/2 5484/26/2 5482/25/2
f 5485/13/2 5486/25/2 5487/27/2
f 5485/13/2 5488/26/2 5486/25/2
f 5489/13/2 5490/25/2 5491/27/2
f 5489/13/2 5492/26/2 5490/25/2
f 5493/13/2 5494/25/2 5495/27/2
f 5493/13/2 5496/26/2 5494/25/2
f 5497/13/2 5498/25/2 5499/27/2
f 5497/13/2 5500/26/2 5498/25/2
f 5501/13/2 5502/25/2 5503/27/2
f 5501/13/2 5504/26/2 5502/25/2
f 5505/13/2 5506/25/2 5507/27/2
f 5505/13/2 5508/26/2 5506/25/2
f 5509/27/39 5510/26/39 5511/25/39
f 5509/27/39 5512/13/39 5510/26/39
f 5513/27/21 5514/26/21 5515/25/21
f 5513/27/21 5516/13/21 5514/26/21
f 5517/27/21 5518/26/21 5519/25/21
f 5517/27/21 5520/13/21 5518/26/21
f 5521/27/18 5522/26/18 5523/25/18
f 5521/27/18 5524/13/18 5522/26/18
f 5525/27/18 5526/26/18 5527/25/18
f 5525/27/18 5528/13/18 5526/26/18
f 5529/27/32 5530/26/32 5531/25/32
f 5529/27/32 5532/13/32 5530/26/32
f 5533/4/21 5534/3/21 5535/1/21
f 5533/4/21 5536/2/21 5534/3/21
f 5537/4/21 5538/3/21 5539/1/21
f 5537/4/21 5540/2/21 5538/3/21
f 5541/4/21 5542/3/21 5543/1/21
f 5541/4/21 5544/2/21 5542/3/21
f 5545/4/21 5546/3/21 5547/1/21
f 5545/4/21 5548/2/21 5546/3/21
f 5549/1/21 5550/30/21 5551/31/21
f 5549/1/21 5552/3/21 5550/30/21
f 5553/1/21 5554/30/21 5555/31/21
f 5553/1/21 5556/3/21 5554/30/21
f 5557/1/21 5558/30/21 5559/31/21
f 5557/1/21 5560/3/21 5558/30/21
f 5561/1/21 5562/30/21 5563/31/21
f 5561/1/21 5564/3/21 5562/30/21
f 5565/4/39 5566/3/39 5567/1/39
f 5565/4/39 5568/2/39 5566/3/39
f 5569/4/39 5570/3/39 5571/1/39
f 5569/4/39 5572/2/39 5570/3/39
f 5573/1/39 5574/30/39 5575/31/39
f 5573/1/39 5576/3/39 5574/30/39
f 5577/1/39 5578/30/39 5579/31/39
f 5577/1/39 5580/3/39 5578/30/39
f 5581/1/18 5582/30/18 5583/31/18
f 5581/1/18 5584/3/18 5582/30/18
f 5585/1/18 5586/30/18 5587/31/18
f 5585/1/18 5588/3/18 5586/30/18
f 5589/1/18 5590/30/18 5591/31/18
f 5589/1/18 5592/3/18 5590/30/18
f 5593/1/18 5594/30/18 5595/31/18
f 5593/1/18 5596/3/18 5594/30/18
f 5597/4/18 5598/3/18 5599/1/18
f 5597/4/18 5600/2/18 5598/3/18
f 5601/4/18 5602/3/18 5603/1/18
f 5601/4/18 5604/2/18 5602/3/18
f 5605/4/18 5606/3/18 5607/1/18
f 5605/4/18 5608/2/18 5606/3/18
f 5609/4/18 5610/3/18 5611/1/18
f 5609/4/18 5612/2/18 5610/3/18
f 5613/1/32 5614/30/32 5615/31/32
f 5613/1/32 5616/3/32 5614/30/32
f 5617/1/32 5618/30/32 5619/31/32
f 5617/1/32 5620/3/32 5618/30/32
f 5621/4/32 5622/3/32 5623/1/32
f 5621/4/32 5624/2/32 5622/3/32
f 5625/4/32 5626/3/32 5627/1/32
f 5625/4/32 5628/2/32 5626/3/32
f 5629/4/39 5630/3/39 5631/1/39
f 5629/4/39 5632/2/39 5630/3/39
f 5633/4/39 5634/3/39 5635/1/39
f 5633/4/39 5636/2/39 5634/3/39
f 5637/1/39 5638/30/39 5639/31/39
f 5637/1/39 5640/3/39 5638/30/39
f 5641/28/41 5642/21/41 5643/29/41
f 5641/28/41 5644/24/41 5642/21/41
f 5645/28/2 5646/21/2 5647/29/2
f 5645/28/2 5648/24/2 5646/21/2
f 5649/28/41 5650/21/41 5651/29/41
f 5649/28/41 5652/24/41 5650/21/41
f 5653/28/2 5654/21/2 5655/29/2
f 5653/28/2 5656/24/2 5654/21/2
f 5657/28/41 5658/21/41 5659/29/41
f 5657/28/41 5660/24/41 5658/21/41
f 5661/28/2 5662/21/2 5663/29/2
f 5661/28/2 5664/24/2 5662/21/2
f 5665/28/41 5666/21/41 5667/29/41
f 5665/28/41 5668/24/41 5666/21/41
f 5669/28/42 5670/21/42 5671/29/42
f 5669/28/42 5672/24/42 5670/21/42
f 5673/28/2 5674/21/2 5675/29/2
f 5673/28/2 5676/24/2 5674/21/2
f 5677/28/2 5678/21/2 5679/29/2
f 5677/28/2 5680/24/2 5678/21/2
f 5681/28/42 5682/21/42 5683/29/42
f 5681/28/42 5684/24/42 5682/21/42
f 5685/28/42 5686/21/42 5687/29/42
f 5685/28/42 5688/24/42 5686/21/42
f 5689/28/2 5690/21/2 5691/29/2
f 5689/28/2 5692/24/2 5690/21/2
f 5693/28/42 5694/21/42 5695/29/42
f 5693/28/42 5696/24/42 5694/21/42
f 5697/29/43 5698/24/43 5699/21/43
f 5697/29/43 5700/28/43 5698/24/43
f 5701/29/43 5702/24/43 5703/21/43
f 5701/29/43 5704/28/43 5702/24/43
f 5705/28/2 5706/21/2 5707/29/2
f 5705/28/2 5708/24/2 5706/21/2
f 5709/29/3 5710/28/3 5711/21/3
f 5710/28/43 5712/24/43 5711/21/43
f 5713/28/41 5714/24/41 5715/29/41
f 5714/24/3 5716/21/3 5715/29/3
f 5717/28/42 5718/21/42 5719/29/42
f 5717/28/3 5720/24/3 5718/21/3
f 5721/29/3 5722/24/3 5723/21/3
f 5721/29/43 5724/28/43 5722/24/43
f 5725/28/44 5726/21/44 5727/29/44
f 5725/28/44 5728/24/44 5726/21/44
f 5729/28/44 5730/21/44 5731/29/44
f 5729/28/44 5732/24/44 5730/21/44
f 5733/28/44 5734/21/44 5735/29/44
f 5733/28/3 5736/24/3 5734/21/3
f 5737/28/3 5738/24/3 5739/29/3
f 5738/24/42 5740/21/42 5739/29/42
f 5741/28/3 5742/24/3 5743/29/3
f 5742/24/44 5744/21/44 5743/29/44
f 5745/28/3 5746/21/3 5747/29/3
f 5745/28/41 5748/24/41 5746/21/41
f 5749/28/20 5750/21/20 5751/29/20
f 5749/28/20 5752/24/20 5750/21/20
f 5753/28/20 5754/21/20 5755/29/20
f 5753/28/20 5756/24/20 5754/21/20
f 5757/28/20 5758/21/20 5759/29/20
f 5757/28/20 5760/24/20 5758/21/20
f 5761/28/20 5762/21/20 5763/29/20
f 5761/28/20 5764/24/20 5762/21/20
f 5765/29/3 5766/24/3 5767/21/3
f 5765/29/19 5768/28/19 5766/24/19
f 5769/28/20 5770/21/20 5771/29/20
f 5769/28/3 5772/24/3 5770/21/3
f 5773/29/19 5774/24/19 5775/21/19
f 5773/29/19 5776/28/19 5774/24/19
f 5777/29/19 5778/24/19 5779/21/19
f 5777/29/19 5780/28/19 5778/24/19
f 5781/29/3 5782/28/3 5783/21/3
f 5782/28/19 5784/24/19 5783/21/19
f 5785/28/2 5786/21/2 5787/29/2
f 5785/28/2 5788/24/2 5786/21/2
f 5789/28/2 5790/21/2 5791/29/2
f 5789/28/2 5792/24/2 5790/21/2
f 5793/28/2 5794/21/2 5795/29/2
f 5793/28/2 5796/24/2 5794/21/2
f 5797/28/2 5798/21/2 5799/29/2
f 5797/28/2 5800/24/2 5798/21/2
f 5801/28/2 5802/21/2 5803/29/2
f 5801/28/2 5804/24/2 5802/21/2
f 5805/28/2 5806/21/2 5807/29/2
f 5805/28/2 5808/24/2 5806/21/2
f 5809/28/2 5810/21/2 5811/29/2
f 5809/28/2 5812/24/2 5810/21/2
f 5813/28/2 5814/21/2 5815/29/2
f 5813/28/2 5816/24/2 5814/21/2
f 5817/28/3 5818/24/3 5819/29/3
f 5818/24/20 5820/21/20 5819/29/20
f 5821/28/31 5822/21/31 5823/29/31
f 5821/28/31 5824/24/31 5822/21/31
f 5825/28/31 5826/21/31 5827/29/31
f 5825/28/31 5828/24/31 5826/21/31
f 5829/19/32 5830/18/32 5831/15/32
f 5829/19/32 5832/17/32 5830/18/32
f 5833/28/3 5834/21/3 5835/29/3
f 5833/28/38 5836/24/38 5834/21/38
f 5837/7/3 5838/8/3 5839/6/3
f 5837/7/2 5840/5/2 5838/8/2
f 5841/28/38 5842/21/38 5843/29/38
f 5841/28/38 5844/24/38 5842/21/38
f 5845/28/38 5846/21/38 5847/29/38
f 5845/28/38 5848/24/38 5846/21/38
f 5849/28/38 5850/21/38 5851/29/38
f 5849/28/38 5852/24/38 5850/21/38
f 5853/28/2 5854/21/2 5855/29/2
f 5853/28/2 5856/24/2 5854/21/2
f 5857/28/20 5858/21/20 5859/29/20
f 5857/28/20 5860/24/20 5858/21/20
f 5861/28/2 5862/21/2 5863/29/2
f 5861/28/2 5864/24/2 5862/21/2
f 5865/28/38 5866/21/38 5867/29/38
f 5865/28/38 5868/24/38 5866/21/38
f 5869/28/2 5870/21/2 5871/29/2
f 5869/28/2 5872/24/2 5870/21/2
f 5873/28/38 5874/21/38 5875/29/38
f 5873/28/38 5876/24/38 5874/21/38
f 5877/28/2 5878/21/2 5879/29/2
f 5877/28/2 5880/24/2 5878/21/2
f 5881/28/20 5882/21/20 5883/29/20
f 5881/28/20 5884/24/20 5882/21/20
f 5885/19/21 5886/18/21 5887/15/21
f 5885/19/21 5888/17/21 5886/18/21
f 5889/19/39 5890/18/39 5891/15/39
f 5889/19/39 5892/17/39 5890/18/39
f 5893/19/39 5894/18/39 5895/15/39
f 5893/19/39 5896/17/39 5894/18/39
f 5897/19/21 5898/18/21 5899/15/21
f 5897/19/21 5900/17/21 5898/18/21
f 5901/19/21 5902/18/21 5903/15/21
f 5901/19/21 5904/17/21 5902/18/21
f 5905/19/21 5906/18/21 5907/15/21
f 5905/19/21 5908/17/21 5906/18/21
f 5909/19/39 5910/18/39 5911/15/39
f 5909/19/39 5912/17/39 5910/18/39
f 5913/19/39 5914/18/39 5915/15/39
f 5913/19/39 5916/17/39 5914/18/39
f 5917/19/32 5918/18/32 5919/15/32
f 5917/19/32 5920/17/32 5918/18/32
f 5921/19/32 5922/18/32 5923/15/32
f 5921/19/32 5924/17/32 5922/18/32
f 5925/19/32 5926/18/32 5927/15/32
f 5925/19/32 5928/17/32 5926/18/32
f 5929/19/32 5930/18/32 5931/15/32
f 5929/19/32 5932/17/32 5930/18/32
f 5933/19/21 5934/18/21 5935/15/21
f 5933/19/21 5936/17/21 5934/18/21
f 5937/19/39 5938/18/39 5939/15/39
f 5937/19/39 5940/17/39 5938/18/39
f 5941/19/39 5942/18/39 5943/15/39
f 5941/19/39 5944/17/39 5942/18/39
f 5945/19/21 5946/18/21 5947/15/21
f 5945/19/21 5948/17/21 5946/18/21
f 5949/19/21 5950/18/21 5951/15/21
f 5949/19/21 5952/17/21 5950/18/21
f 5953/19/21 5954/18/21 5955/15/21
f 5953/19/21 5956/17/21 5954/18/21
f 5957/19/39 5958/18/39 5959/15/39
f 5957/19/39 5960/17/39 5958/18/39
f 5961/19/39 5962/18/39 5963/15/39
f 5961/19/39 5964/17/39 5962/18/39
f 5965/19/32 5966/18/32 5967/15/32
f 5965/19/32 5968/17/32 5966/18/32
f 5969/19/32 5970/18/32 5971/15/32
f 5969/19/32 5972/17/32 5970/18/32
f 5973/19/32 5974/18/32 5975/15/32
f 5973/19/32 5976/17/32 5974/18/32
f 5977/19/32 5978/18/32 5979/15/32
f 5977/19/32 5980/17/32 5978/18/32
f 5981/17/21 5982/15/21 5983/18/21
f 5981/17/21 5984/19/21 5982/15/21
f 5985/17/21 5986/15/21 5987/18/21
f 5985/17/21 5988/19/21 5986/15/21
f 5989/17/21 5990/15/21 5991/18/21
f 5989/17/21 5992/19/21 5990/15/21
f 5993/17/21 5994/15/21 5995/18/21
f 5993/17/21 5996/19/21 5994/15/21
f 5997/4/21 5998/3/21 5999/1/21
f 5997/4/21 6000/2/21 5998/3/21
f 6001/17/21 6002/15/21 6003/18/21
f 6001/17/21 6004/19/21 6002/15/21
f 6005/4/21 6006/3/21 6007/1/21
f 6005/4/21 6008/2/21 6006/3/21
f 6009/3/21 6010/4/21 6011/2/21
f 6009/3/21 6012/1/21 6010/4/21
f 6013/3/39 6014/4/39 6015/2/39
f 6013/3/39 6016/1/39 6014/4/39
f 6017/3/21 6018/4/21 6019/2/21
f 6017/3/21 6020/1/21 6018/4/21
f 6021/4/21 6022/3/21 6023/1/21
f 6021/4/21 6024/2/21 6022/3/21
f 6025/8/2 6026/7/2 6027/5/2
f 6025/8/2 6028/6/2 6026/7/2
f 6029/19/32 6030/18/32 6031/15/32
f 6029/19/32 6032/17/32 6030/18/32
f 6033/19/32 6034/18/32 6035/15/32
f 6033/19/32 6036/17/32 6034/18/32
f 6037/19/32 6038/18/32 6039/15/32
f 6037/19/32 6040/17/32 6038/18/32
f 6041/17/18 6042/15/18 6043/18/18
f 6041/17/18 6044/19/18 6042/15/18
usemtl texture_pixellab-tileset-grass-light-brown-like-dirt-0b1e6713
f 6045/5/2 6046/6/2 6047/7/2
f 6045/5/2 6048/8/2 6046/6/2
usemtl 1
f 6049/12/21 6050/11/21 6051/9/21
f 6049/12/21 6052/10/21 6050/11/21
f 6053/11/39 6054/12/39 6055/10/39
f 6053/11/39 6056/9/39 6054/12/39
f 6057/11/18 6058/12/18 6059/10/18
f 6057/11/18 6060/9/18 6058/12/18
f 6061/12/18 6062/11/18 6063/9/18
f 6061/12/18 6064/10/18 6062/11/18
f 6065/11/32 6066/12/32 6067/10/32
f 6065/11/32 6068/9/32 6066/12/32
f 6069/11/21 6070/12/21 6071/10/21
f 6069/11/21 6072/9/21 6070/12/21
f 6073/12/21 6074/11/21 6075/9/21
f 6073/12/21 6076/10/21 6074/11/21
f 6077/15/2 6078/17/2 6079/19/2
f 6077/15/2 6080/18/2 6078/17/2
f 6081/15/2 6082/17/2 6083/19/2
f 6081/15/2 6084/18/2 6082/17/2
f 6085/17/21 6086/15/21 6087/18/21
f 6085/17/21 6088/19/21 6086/15/21
f 6089/17/21 6090/15/21 6091/18/21
f 6089/17/21 6092/19/21 6090/15/21
f 6093/17/18 6094/15/18 6095/18/18
f 6093/17/18 6096/19/18 6094/15/18
f 6097/17/18 6098/15/18 6099/18/18
f 6097/17/18 6100/19/18 6098/15/18
f 6101/17/2 6102/15/2 6103/18/2
f 6101/17/2 6104/19/2 6102/15/2
f 6105/17/2 6106/15/2 6107/18/2
f 6105/17/2 6108/19/2 6106/15/2
f 6109/17/18 6110/15/18 6111/18/18
f 6109/17/18 6112/19/18 6110/15/18
f 6113/17/18 6114/15/18 6115/18/18
f 6113/17/18 6116/19/18 6114/15/18
f 6117/17/21 6118/15/21 6119/18/21
f 6117/17/21 6120/19/21 6118/15/21
f 6121/17/21 6122/15/21 6123/18/21
f 6121/17/21 6124/19/21 6122/15/21
f 6125/4/32 6126/3/32 6127/1/32
f 6125/4/32 6128/2/32 6126/3/32
f 6129/4/32 6130/3/32 6131/1/32
f 6129/4/32 6132/2/32 6130/3/32
f 6133/3/32 6134/4/32 6135/2/32
f 6133/3/32 6136/1/32 6134/4/32
f 6137/10/2 6138/9/2 6139/12/2
f 6137/10/2 6140/11/2 6138/9/2
f 6141/11/39 6142/12/39 6143/10/39
f 6141/11/39 6144/9/39 6142/12/39
f 6145/11/39 6146/12/39 6147/10/39
f 6145/11/39 6148/9/39 6146/12/39
f 6149/11/21 6150/12/21 6151/10/21
f 6149/11/21 6152/9/21 6150/12/21
f 6153/11/21 6154/12/21 6155/10/21
f 6153/11/21 6156/9/21 6154/12/21
f 6157/11/2 6158/12/2 6159/10/2
f 6157/11/2 6160/9/2 6158/12/2
f 6161/11/2 6162/12/2 6163/10/2
f 6161/11/2 6164/9/2 6162/12/2
f 6165/11/2 6166/12/2 6167/10/2
f 6165/11/2 6168/9/2 6166/12/2
f 6169/11/32 6170/12/32 6171/10/32
f 6169/11/32 6172/9/32 6170/12/32
f 6173/11/21 6174/12/21 6175/10/21
f 6173/11/21 6176/9/21 6174/12/21
f 6177/11/21 6178/12/21 6179/10/21
f 6177/11/21 6180/9/21 6178/12/21
f 6181/11/32 6182/12/32 6183/10/32
f 6181/11/32 6184/9/32 6182/12/32
f 6185/11/18 6186/12/18 6187/10/18
f 6185/11/18 6188/9/18 6186/12/18
f 6189/11/32 6190/12/32 6191/10/32
f 6189/11/32 6192/9/32 6190/12/32
f 6193/11/18 6194/12/18 6195/10/18
f 6193/11/18 6196/9/18 6194/12/18
f 6197/11/18 6198/12/18 6199/10/18
f 6197/11/18 6200/9/18 6198/12/18
f 6201/11/39 6202/12/39 6203/10/39
f 6201/11/39 6204/9/39 6202/12/39
f 6205/11/18 6206/12/18 6207/10/18
f 6205/11/18 6208/9/18 6206/12/18
f 6209/11/39 6210/12/39 6211/10/39
f 6209/11/39 6212/9/39 6210/12/39
f 6213/11/2 6214/12/2 6215/10/2
f 6213/11/2 6216/9/2 6214/12/2
f 6217/11/2 6218/12/2 6219/10/2
f 6217/11/2 6220/9/2 6218/12/2
f 6221/11/18 6222/12/18 6223/10/18
f 6221/11/18 6224/9/18 6222/12/18
f 6225/11/18 6226/12/18 6227/10/18
f 6225/11/18 6228/9/18 6226/12/18
f 6229/11/2 6230/12/2 6231/10/2
f 6229/11/2 6232/9/2 6230/12/2
f 6233/11/2 6234/12/2 6235/10/2
f 6233/11/2 6236/9/2 6234/12/2
f 6237/11/21 6238/12/21 6239/10/21
f 6237/11/21 6240/9/21 6238/12/21
f 6241/11/21 6242/12/21 6243/10/21
f 6241/11/21 6244/9/21 6242/12/21
f 6245/11/2 6246/12/2 6247/10/2
f 6245/11/2 6248/9/2 6246/12/2
f 6249/11/2 6250/12/2 6251/10/2
f 6249/11/2 6252/9/2 6250/12/2
f 6253/11/32 6254/12/32 6255/10/32
f 6253/11/32 6256/9/32 6254/12/32
f 6257/11/32 6258/12/32 6259/10/32
f 6257/11/32 6260/9/32 6258/12/32
f 6261/11/32 6262/12/32 6263/10/32
f 6261/11/32 6264/9/32 6262/12/32
f 6265/11/18 6266/12/18 6267/10/18
f 6265/11/18 6268/9/18 6266/12/18
f 6269/11/18 6270/12/18 6271/10/18
f 6269/11/18 6272/9/18 6270/12/18
f 6273/11/18 6274/12/18 6275/10/18
f 6273/11/18 6276/9/18 6274/12/18
f 6277/11/2 6278/12/2 6279/10/2
f 6277/11/2 6280/9/2 6278/12/2
f 6281/11/2 6282/12/2 6283/10/2
f 6281/11/2 6284/9/2 6282/12/2
f 6285/11/21 6286/12/21 6287/10/21
f 6285/11/21 6288/9/21 6286/12/21
f 6289/11/21 6290/12/21 6291/10/21
f 6289/11/21 6292/9/21 6290/12/21
f 6293/11/21 6294/12/21 6295/10/21
f 6293/11/21 6296/9/21 6294/12/21
f 6297/11/32 6298/12/32 6299/10/32
f 6297/11/32 6300/9/32 6298/12/32
f 6301/11/18 6302/12/18 6303/10/18
f 6301/11/18 6304/9/18 6302/12/18
f 6305/11/18 6306/12/18 6307/10/18
f 6305/11/18 6308/9/18 6306/12/18
f 6309/11/18 6310/12/18 6311/10/18
f 6309/11/18 6312/9/18 6310/12/18
f 6313/11/2 6314/12/2 6315/10/2
f 6313/11/2 6316/9/2 6314/12/2
f 6317/11/32 6318/12/32 6319/10/32
f 6317/11/32 6320/9/32 6318/12/32
f 6321/11/21 6322/12/21 6323/10/21
f 6321/11/21 6324/9/21 6322/12/21
f 6325/11/21 6326/12/21 6327/10/21
f 6325/11/21 6328/9/21 6326/12/21
f 6329/11/2 6330/12/2 6331/10/2
f 6329/11/2 6332/9/2 6330/12/2
f 6333/11/2 6334/12/2 6335/10/2
f 6333/11/2 6336/9/2 6334/12/2
f 6337/11/2 6338/12/2 6339/10/2
f 6337/11/2 6340/9/2 6338/12/2
f 6341/11/18 6342/12/18 6343/10/18
f 6341/11/18 6344/9/18 6342/12/18
f 6345/11/18 6346/12/18 6347/10/18
f 6345/11/18 6348/9/18 6346/12/18
f 6349/6/20 6350/5/20 6351/8/20
f 6349/6/3 6352/7/3 6350/5/3
f 6353/12/2 6354/11/2 6355/9/2
f 6353/12/2 6356/10/2 6354/11/2
f 6357/12/18 6358/11/18 6359/9/18
f 6357/12/18 6360/10/18 6358/11/18
f 6361/6/38 6362/5/38 6363/8/38
f 6361/6/3 6364/7/3 6362/5/3
f 6365/8/20 6366/7/20 6367/5/20
f 6365/8/20 6368/6/20 6366/7/20
f 6369/8/20 6370/7/20 6371/5/20
f 6369/8/20 6372/6/20 6370/7/20
f 6373/6/19 6374/5/19 6375/8/19
f 6373/6/3 6376/7/3 6374/5/3
f 6377/8/3 6378/7/3 6379/5/3
f 6377/8/20 6380/6/20 6378/7/20
f 6381/12/18 6382/11/18 6383/9/18
f 6381/12/18 6384/10/18 6382/11/18
f 6385/3/21 6386/4/21 6387/2/21
f 6385/3/21 6388/1/21 6386/4/21
f 6389/3/21 6390/4/21 6391/2/21
f 6389/3/21 6392/1/21 6390/4/21
f 6393/3/21 6394/4/21 6395/2/21
f 6393/3/21 6396/1/21 6394/4/21
f 6397/3/21 6398/4/21 6399/2/21
f 6397/3/21 6400/1/21 6398/4/21
f 6401/3/32 6402/4/32 6403/2/32
f 6401/3/32 6404/1/32 6402/4/32
f 6405/3/32 6406/4/32 6407/2/32
f 6405/3/32 6408/1/32 6406/4/32
f 6409/3/32 6410/4/32 6411/2/32
f 6409/3/32 6412/1/32 6410/4/32
f 6413/3/32 6414/4/32 6415/2/32
f 6413/3/32 6416/1/32 6414/4/32
f 6417/3/32 6418/4/32 6419/2/32
f 6417/3/32 6420/1/32 6418/4/32
f 6421/3/32 6422/4/32 6423/2/32
f 6421/3/32 6424/1/32 6422/4/32
f 6425/3/32 6426/4/32 6427/2/32
f 6425/3/32 6428/1/32 6426/4/32
f 6429/3/18 6430/4/18 6431/2/18
f 6429/3/18 6432/1/18 6430/4/18
f 6433/3/18 6434/4/18 6435/2/18
f 6433/3/18 6436/1/18 6434/4/18
f 6437/3/18 6438/4/18 6439/2/18
f 6437/3/18 6440/1/18 6438/4/18
f 6441/3/18 6442/4/18 6443/2/18
f 6441/3/18 6444/1/18 6442/4/18
f 6445/3/39 6446/4/39 6447/2/39
f 6445/3/39 6448/1/39 6446/4/39
f 6449/3/39 6450/4/39 6451/2/39
f 6449/3/39 6452/1/39 6450/4/39
f 6453/3/39 6454/4/39 6455/2/39
f 6453/3/39 6456/1/39 6454/4/39
f 6457/3/39 6458/4/39 6459/2/39
f 6457/3/39 6460/1/39 6458/4/39
f 6461/3/39 6462/4/39 6463/2/39
f 6461/3/39 6464/1/39 6462/4/39
f 6465/3/39 6466/4/39 6467/2/39
f 6465/3/39 6468/1/39 6466/4/39
f 6469/3/39 6470/4/39 6471/2/39
f 6469/3/39 6472/1/39 6470/4/39
f 6473/3/39 6474/4/39 6475/2/39
f 6473/3/39 6476/1/39 6474/4/39
f 6477/3/39 6478/4/39 6479/2/39
f 6477/3/39 6480/1/39 6478/4/39
f 6481/3/39 6482/4/39 6483/2/39
f 6481/3/39 6484/1/39 6482/4/39
f 6485/3/32 6486/4/32 6487/2/32
f 6485/3/32 6488/1/32 6486/4/32
f 6489/3/32 6490/4/32 6491/2/32
f 6489/3/32 6492/1/32 6490/4/32
f 6493/3/39 6494/4/39 6495/2/39
f 6493/3/39 6496/1/39 6494/4/39
f 6497/3/39 6498/4/39 6499/2/39
f 6497/3/39 6500/1/39 6498/4/39
f 6501/3/18 6502/4/18 6503/2/18
f 6501/3/18 6504/1/18 6502/4/18
f 6505/3/18 6506/4/18 6507/2/18
f 6505/3/18 6508/1/18 6506/4/18
f 6509/3/18 6510/4/18 6511/2/18
f 6509/3/18 6512/1/18 6510/4/18
f 6513/3/18 6514/4/18 6515/2/18
f 6513/3/18 6516/1/18 6514/4/18
f 6517/12/2 6518/11/2 6519/9/2
f 6517/12/2 6520/10/2 6518/11/2
f 6521/12/2 6522/11/2 6523/9/2
f 6521/12/2 6524/10/2 6522/11/2
f 6525/12/2 6526/11/2 6527/9/2
f 6525/12/2 6528/10/2 6526/11/2
f 6529/12/2 6530/11/2 6531/9/2
f 6529/12/2 6532/10/2 6530/11/2
f 6533/12/2 6534/11/2 6535/9/2
f 6533/12/2 6536/10/2 6534/11/2
f 6537/12/2 6538/11/2 6539/9/2
f 6537/12/2 6540/10/2 6538/11/2
f 6541/12/2 6542/11/2 6543/9/2
f 6541/12/2 6544/10/2 6542/11/2
f 6545/12/2 6546/11/2 6547/9/2
f 6545/12/2 6548/10/2 6546/11/2
f 6549/6/2 6550/5/2 6551/8/2
f 6549/6/2 6552/7/2 6550/5/2
f 6553/5/2 6554/6/2 6555/7/2
f 6553/5/2 6556/8/2 6554/6/2
f 6557/5/2 6558/6/2 6559/7/2
f 6557/5/2 6560/8/2 6558/6/2
f 6561/5/2 6562/6/2 6563/7/2
f 6561/5/2 6564/8/2 6562/6/2
f 6565/9/39 6566/10/39 6567/11/39
f 6565/9/39 6568/12/39 6566/10/39
f 6569/9/2 6570/10/2 6571/11/2
f 6569/9/2 6572/12/2 6570/10/2
f 6573/10/18 6574/4/18 6575/12/18
f 6573/10/18 6576/1/18 6574/4/18
f 6577/10/39 6578/4/39 6579/12/39
f 6577/10/39 6580/1/39 6578/4/39
usemtl texture_pixellab-tileset-grass-light-brown-like-dirt-0b1e6713
f 6581/5/2 6582/6/2 6583/7/2
f 6581/5/2 6584/8/2 6582/6/2
f 6585/5/2 6586/6/2 6587/7/2
f 6585/5/2 6588/8/2 6586/6/2
f 6589/5/2 6590/6/2 6591/7/2
f 6589/5/2 6592/8/2 6590/6/2
usemtl 1
f 6593/19/32 6594/18/32 6595/15/32
f 6593/19/32 6596/17/32 6594/18/32
f 6597/19/32 6598/18/32 6599/15/32
f 6597/19/32 6600/17/32 6598/18/32
f 6601/19/32 6602/18/32 6603/15/32
f 6601/19/32 6604/17/32 6602/18/32
f 6605/19/32 6606/18/32 6607/15/32
f 6605/19/32 6608/17/32 6606/18/32
f 6609/19/32 6610/18/32 6611/15/32
f 6609/19/32 6612/17/32 6610/18/32
f 6613/11/39 6614/12/39 6615/10/39
f 6613/11/39 6616/9/39 6614/12/39
f 6617/11/18 6618/12/18 6619/10/18
f 6617/11/18 6620/9/18 6618/12/18
f 6621/12/18 6622/11/18 6623/9/18
f 6621/12/18 6624/10/18 6622/11/18
f 6625/11/32 6626/12/32 6627/10/32
f 6625/11/32 6628/9/32 6626/12/32
f 6629/9/2 6630/10/2 6631/11/2
f 6629/9/2 6632/12/2 6630/10/2
f 6633/22/2 6634/21/2 6635/20/2
f 6633/22/2 6636/2/2 6634/21/2
f 6637/22/2 6638/21/2 6639/20/2
f 6637/22/2 6640/2/2 6638/21/2
f 6641/22/2 6642/21/2 6643/20/2
f 6641/22/2 6644/2/2 6642/21/2
f 6645/21/45 6646/23/45 6647/20/45
f 6645/21/46 6648/24/46 6646/23/46
f 6649/22/2 6650/21/2 6651/20/2
f 6649/22/2 6652/2/2 6650/21/2
f 6653/20/47 6654/2/47 6655/21/47
f 6653/20/47 6656/22/47 6654/2/47
f 6657/20/48 6658/2/48 6659/21/48
f 6657/20/48 6660/22/48 6658/2/48
f 6661/20/49 6662/23/49 6663/21/49
f 6662/23/50 6664/24/50 6663/21/50
f 6665/21/51 6666/2/51 6667/20/51
f 6666/2/52 6668/22/52 6667/20/52
f 6669/20/53 6670/21/53 6671/22/53
f 6670/21/54 6672/2/54 6671/22/54
f 6673/21/55 6674/2/55 6675/20/55
f 6674/2/56 6676/22/56 6675/20/56
f 6677/20/57 6678/21/57 6679/22/57
f 6678/21/58 6680/2/58 6679/22/58
f 6681/20/59 6682/21/59 6683/22/59
f 6682/21/60 6684/2/60 6683/22/60
f 6685/21/61 6686/2/61 6687/20/61
f 6686/2/62 6688/22/62 6687/20/62
f 6689/21/63 6690/2/63 6691/20/63
f 6690/2/64 6692/22/64 6691/20/64
f 6693/20/65 6694/21/65 6695/22/65
f 6694/21/66 6696/2/66 6695/22/66
f 6697/20/67 6698/23/67 6699/21/67
f 6698/23/68 6700/24/68 6699/21/68
f 6701/21/69 6702/2/69 6703/20/69
f 6702/2/70 6704/22/70 6703/20/70
f 6705/21/70 6706/2/70 6707/20/70
f 6706/2/71 6708/22/71 6707/20/71
f 6709/21/72 6710/2/72 6711/20/72
f 6710/2/73 6712/22/73 6711/20/73
f 6713/21/74 6714/2/74 6715/20/74
f 6714/2/75 6716/22/75 6715/20/75
f 6717/9/18 6718/10/18 6719/11/18
f 6717/9/18 6720/12/18 6718/10/18
f 6721/9/18 6722/10/18 6723/11/18
f 6721/9/18 6724/12/18 6722/10/18
f 6725/9/18 6726/10/18 6727/11/18
f 6725/9/18 6728/12/18 6726/10/18
f 6729/9/32 6730/10/32 6731/11/32
f 6729/9/32 6732/12/32 6730/10/32
f 6733/9/32 6734/10/32 6735/11/32
f 6733/9/32 6736/12/32 6734/10/32
f 6737/9/32 6738/10/32 6739/11/32
f 6737/9/32 6740/12/32 6738/10/32
f 6741/9/32 6742/10/32 6743/11/32
f 6741/9/32 6744/12/32 6742/10/32
f 6745/9/32 6746/10/32 6747/11/32
f 6745/9/32 6748/12/32 6746/10/32
f 6749/9/32 6750/10/32 6751/11/32
f 6749/9/32 6752/12/32 6750/10/32
f 6753/9/18 6754/10/18 6755/11/18
f 6753/9/18 6756/12/18 6754/10/18
f 6757/9/18 6758/10/18 6759/11/18
f 6757/9/18 6760/12/18 6758/10/18
f 6761/9/18 6762/10/18 6763/11/18
f 6761/9/18 6764/12/18 6762/10/18
f 6765/9/18 6766/10/18 6767/11/18
f 6765/9/18 6768/12/18 6766/10/18
f 6769/9/2 6770/10/2 6771/11/2
f 6769/9/2 6772/12/2 6770/10/2
f 6773/9/2 6774/10/2 6775/11/2
f 6773/9/2 6776/12/2 6774/10/2
f 6777/9/2 6778/10/2 6779/11/2
f 6777/9/2 6780/12/2 6778/10/2
f 6781/9/18 6782/10/18 6783/11/18
f 6781/9/18 6784/12/18 6782/10/18
f 6785/9/32 6786/10/32 6787/11/32
f 6785/9/32 6788/12/32 6786/10/32
f 6789/9/21 6790/10/21 6791/11/21
f 6789/9/21 6792/12/21 6790/10/21
f 6793/9/39 6794/10/39 6795/11/39
f 6793/9/39 6796/12/39 6794/10/39
f 6797/9/2 6798/10/2 6799/11/2
f 6797/9/2 6800/12/2 6798/10/2
f 6801/9/2 6802/10/2 6803/11/2
f 6801/9/2 6804/12/2 6802/10/2
f 6805/9/39 6806/10/39 6807/11/39
f 6805/9/39 6808/12/39 6806/10/39
f 6809/9/39 6810/10/39 6811/11/39
f 6809/9/39 6812/12/39 6810/10/39
f 6813/9/21 6814/10/21 6815/11/21
f 6813/9/21 6816/12/21 6814/10/21
f 6817/9/21 6818/10/21 6819/11/21
f 6817/9/21 6820/12/21 6818/10/21
f 6821/9/39 6822/10/39 6823/11/39
f 6821/9/39 6824/12/39 6822/10/39
f 6825/9/39 6826/10/39 6827/11/39
f 6825/9/39 6828/12/39 6826/10/39
f 6829/9/39 6830/10/39 6831/11/39
f 6829/9/39 6832/12/39 6830/10/39
f 6833/9/39 6834/10/39 6835/11/39
f 6833/9/39 6836/12/39 6834/10/39
f 6837/9/21 6838/10/21 6839/11/21
f 6837/9/21 6840/12/21 6838/10/21
f 6841/9/21 6842/10/21 6843/11/21
f 6841/9/21 6844/12/21 6842/10/21
f 6845/9/21 6846/10/21 6847/11/21
f 6845/9/21 6848/12/21 6846/10/21
f 6849/8/40 6850/7/40 6851/5/40
f 6849/8/2 6852/6/2 6850/7/2
f 6853/9/39 6854/10/39 6855/11/39
f 6853/9/39 6856/12/39 6854/10/39
f 6857/9/21 6858/10/21 6859/11/21
f 6857/9/21 6860/12/21 6858/10/21
